educ,exper,exper_sq,ability,female,union,height,commute_km,birth_month,favorite_number,clothing_color,log_wage
14.993428,16.996777,288.8904,-0.6751783,1.0,1.0,178.08919,1.7,1.0,8.0,blue,4.978068
13.723472,14.623168,213.83704,-0.14451867,1.0,0.0,164.15544,2.0,4.0,4.0,gray,4.968439
15.295377,10.298152,106.05193,-0.7924199,0.0,1.0,162.50642,4.5,10.0,8.0,white,5.270698
17.04606,6.765316,45.7695,-0.30796152,1.0,0.0,167.78464,5.7,7.0,9.0,blue,4.4554305
13.531693,13.491117,182.01022,-1.8936146,0.0,0.0,158.23038,9.8,2.0,7.0,gray,4.8599887
13.531726,11.967427,143.21931,0.2132937,0.0,1.0,188.20544,0.8,11.0,2.0,black,3.8254807
17.158426,14.475966,209.5536,0.0012054754,0.0,0.0,164.33606,7.0,2.0,9.0,black,6.259106
15.534869,13.175859,173.60327,-0.8170886,0.0,1.0,178.31616,2.0,1.0,8.0,black,4.2399273
13.061051,15.247764,232.4943,0.65924567,1.0,0.0,172.0947,8.5,10.0,5.0,black,4.192795
15.08512,7.323824,53.638397,0.93757015,0.0,1.0,160.15466,10.1,2.0,3.0,black,5.2124925
13.073165,16.58697,275.12756,-1.6075599,0.0,0.0,169.94046,8.1,7.0,7.0,blue,4.2059355
13.068541,10.987998,120.7361,-0.76272476,1.0,0.0,177.84003,13.4,9.0,2.0,gray,4.5113497
14.483925,20.376305,415.1938,-0.7691423,0.0,0.0,168.11739,4.1,6.0,3.0,other,4.25877
10.17344,6.554061,42.955715,-0.9399031,1.0,1.0,181.93114,14.5,10.0,9.0,black,3.8217118
10.550164,18.67982,348.93564,0.82947487,0.0,1.0,180.21515,5.7,2.0,4.0,gray,4.622641
12.875425,10.989553,120.77029,-0.19382614,1.0,1.0,179.18915,6.6,12.0,4.0,white,4.6190305
11.974338,6.74291,45.466835,-0.26451483,1.0,1.0,165.40343,10.4,10.0,3.0,gray,4.1067433
14.628494,7.5805707,57.465054,-2.0038624,0.0,0.0,159.20157,0.2,10.0,5.0,black,4.137145
12.183951,8.398264,70.53084,0.63541806,0.0,0.0,163.86412,10.6,9.0,3.0,black,4.14485
11.175392,12.12083,146.9145,-1.2392584,0.0,0.0,171.9624,9.6,7.0,9.0,black,3.6917975
16.931297,12.614178,159.11748,0.05993263,1.0,0.0,175.45787,3.7,11.0,3.0,blue,4.996047
13.548448,7.1315,50.858288,0.27737695,0.0,0.0,148.28429,0.9,1.0,2.0,gray,4.9505005
14.1350565,9.878227,97.57938,1.3606586,0.0,0.0,169.91887,1.0,12.0,5.0,black,4.656398
11.150503,20.711351,428.96008,-1.3088204,0.0,0.0,171.58089,25.7,9.0,6.0,black,3.7247071
12.911235,18.637716,347.36447,-3.0195122,0.0,0.0,167.22456,11.7,2.0,1.0,gray,4.259436
14.221846,12.181619,148.39183,0.18384954,0.0,0.0,182.91273,1.4,4.0,6.0,white,4.7454925
11.698013,10.190018,103.836464,1.8005112,1.0,0.0,174.2178,4.4,9.0,3.0,blue,4.827643
14.751396,10.600157,112.36333,1.2389463,0.0,0.0,183.10191,9.0,4.0,4.0,gray,4.5931935
12.798722,13.06759,170.7619,0.20965941,0.0,0.0,167.8404,18.1,3.0,6.0,blue,3.695797
13.416613,4.8860373,23.873362,-0.4916362,1.0,0.0,179.37477,0.4,1.0,8.0,black,3.59237
12.796587,8.713118,75.91842,0.8071226,1.0,0.0,186.35066,2.7,7.0,9.0,blue,3.8849611
17.704556,1.6570796,2.7459128,-0.9735462,0.0,0.0,183.11693,22.0,6.0,6.0,gray,4.469581
13.973005,11.996116,143.90678,0.47635776,0.0,0.0,159.07858,0.1,10.0,7.0,other,4.4724784
11.884578,13.23598,175.19116,0.50547016,0.0,0.0,167.46324,2.2,4.0,5.0,black,4.8985305
15.64509,7.584068,57.518085,1.0602099,1.0,0.0,166.54836,31.9,6.0,9.0,blue,4.565267
11.558312,17.869934,319.33453,2.75966,0.0,0.0,174.89255,9.5,6.0,4.0,blue,5.251761
14.417727,3.8711717,14.9859705,0.39241597,1.0,0.0,176.86354,3.0,4.0,6.0,blue,4.2568645
10.08066,2.6781256,7.1723566,-0.50896364,1.0,0.0,161.61107,0.7,6.0,5.0,black,3.3358507
11.343628,11.122259,123.70465,-0.025574312,0.0,1.0,170.67839,0.3,10.0,1.0,blue,4.5767174
14.393723,15.235492,232.12021,-1.7690759,0.0,1.0,149.80072,2.8,11.0,5.0,white,5.0040994
15.4769335,18.419638,339.28305,-0.6947131,0.0,0.0,184.41945,21.3,8.0,5.0,gray,4.515929
14.342736,7.705579,59.375946,-0.40928245,0.0,0.0,164.87625,5.4,3.0,9.0,blue,5.1517577
13.768703,15.393404,236.9569,-0.5240884,0.0,0.0,170.55864,12.7,4.0,1.0,black,4.502662
13.397793,9.807458,96.18623,0.15235487,1.0,0.0,166.9035,25.0,10.0,5.0,black,3.5842447
11.042956,9.136864,83.48228,-0.82241994,1.0,1.0,181.46028,5.2,12.0,7.0,blue,4.059605
12.560311,14.4183,207.88736,1.1210307,1.0,0.0,141.62494,2.1,1.0,6.0,white,4.095925
13.078722,13.261615,175.87042,0.00020706492,1.0,0.0,169.8339,7.3,4.0,6.0,other,4.6143537
16.114244,2.1180391,4.4860897,-0.009300321,0.0,0.0,168.94182,23.9,11.0,7.0,blue,5.642211
14.687237,17.382702,302.15833,-0.32789472,0.0,1.0,165.46364,16.3,10.0,6.0,blue,4.8186297
10.47392,16.900457,285.62546,0.15519068,0.0,0.0,187.26227,0.7,10.0,5.0,white,4.504474
14.648168,6.8721867,47.226948,0.8250983,1.0,0.0,161.12671,11.8,12.0,5.0,blue,3.5908513
13.2298355,11.979017,143.49686,-0.8671302,1.0,0.0,177.71796,8.5,9.0,9.0,gray,4.2698894
12.646156,12.470151,155.50467,-0.65811646,1.0,0.0,173.56253,23.8,8.0,8.0,black,3.5822415
15.223352,11.303369,127.76614,-0.30372602,0.0,0.0,182.61519,1.3,11.0,4.0,gray,4.44559
16.061998,7.248474,52.54038,-1.345871,0.0,0.0,163.32811,7.6,4.0,4.0,blue,3.904557
15.86256,6.6418834,44.114616,-0.81925786,1.0,1.0,162.67032,21.2,12.0,5.0,white,4.945043
12.321565,9.87223,97.460915,-0.47622088,0.0,1.0,180.9607,5.3,7.0,3.0,white,5.0777044
13.381576,15.863646,251.65524,0.8743892,1.0,1.0,174.25322,6.6,10.0,8.0,black,4.9876895
14.662527,12.718,161.74753,0.26256132,1.0,0.0,154.55063,0.7,3.0,7.0,gray,4.1341386
15.95109,8.146929,66.37245,0.19358991,1.0,1.0,164.60695,3.3,9.0,5.0,white,5.708266
13.041652,13.858494,192.05785,0.85089797,0.0,0.0,173.86383,3.9,10.0,3.0,blue,4.433219
13.628682,4.242713,18.000614,-0.1373718,0.0,0.0,178.37764,29.0,4.0,5.0,black,3.165506
11.78733,15.743829,247.86815,0.39046484,0.0,0.0,163.20769,3.3,2.0,3.0,black,4.791672
11.607587,1.3014311,1.6937228,-0.10322175,0.0,0.0,140.85744,6.2,10.0,5.0,blue,3.2393374
15.6250515,8.187796,67.04,0.26536235,0.0,0.0,175.23224,11.1,5.0,1.0,blue,5.32863
16.71248,4.4016504,19.374527,-0.58275867,1.0,0.0,157.7968,1.8,2.0,6.0,gray,4.1153383
13.85598,3.5265927,12.436856,-2.4388173,1.0,0.0,149.82661,6.7,10.0,4.0,black,3.6697078
16.007067,15.804134,249.77066,-0.13427916,0.0,1.0,141.67674,13.4,6.0,4.0,white,6.116718
14.723272,7.661494,58.698486,1.4227481,0.0,0.0,178.1398,20.2,11.0,8.0,black,4.3607397
12.709761,11.732519,137.65201,0.9262154,0.0,0.0,171.28618,9.8,10.0,2.0,black,4.421349
14.722792,9.765397,95.36298,0.9653975,0.0,0.0,167.74344,11.1,1.0,4.0,blue,4.902493
17.076073,12.385204,153.39328,1.2361307,1.0,0.0,183.89024,1.3,6.0,2.0,blue,5.9289374
13.928348,10.3841095,107.82973,0.08865759,0.0,0.0,176.37325,29.1,4.0,1.0,black,4.2974424
17.129288,3.585039,12.852504,0.19731571,0.0,0.0,186.163,1.4,3.0,3.0,black,4.52372
8.7605095,14.981334,224.44035,-0.6176519,0.0,0.0,156.07265,14.9,2.0,8.0,black,4.0731735
15.643805,7.531217,56.71923,-0.31607285,1.0,0.0,169.6545,3.1,7.0,6.0,gray,4.074092
14.174094,2.2170906,4.9154906,0.6157712,1.0,0.0,153.83287,27.1,9.0,7.0,white,4.184429
13.401985,7.859424,61.770546,1.2038845,0.0,1.0,167.70618,12.7,12.0,2.0,blue,4.295295
14.183521,17.5038,306.383,-0.13944627,0.0,0.0,167.51384,14.0,3.0,6.0,gray,5.9436765
10.024862,14.251109,203.09412,-0.45018926,1.0,0.0,176.26614,2.5,6.0,8.0,gray,3.0693002
13.560657,8.25674,68.17375,0.00052795885,1.0,1.0,170.45564,5.9,9.0,8.0,black,4.3505845
14.714225,8.253712,68.12376,0.6012067,0.0,0.0,176.23407,9.6,2.0,4.0,other,4.7682934
16.955788,8.391825,70.42272,-1.4438548,1.0,0.0,177.03441,14.7,7.0,6.0,white,5.2718353
12.96346,20.38374,415.49683,-2.296181,1.0,1.0,191.54929,1.1,5.0,5.0,black,3.5655787
12.383013,11.9096775,141.84042,-0.5505369,1.0,0.0,166.84703,32.8,5.0,9.0,black,4.98441
12.996486,12.150208,147.62756,-1.2207124,1.0,0.0,160.58977,22.1,11.0,8.0,black,4.3042684
15.830804,15.151418,229.56546,-0.5081402,1.0,0.0,172.46083,3.2,7.0,2.0,black,4.8356524
14.657502,11.193946,125.30443,-0.14778031,0.0,0.0,161.9772,17.3,9.0,7.0,gray,4.2156963
12.940479,8.704789,75.77335,-0.4532484,1.0,0.0,184.81961,7.3,4.0,7.0,blue,4.259845
15.026535,9.01825,81.32884,1.4524676,0.0,0.0,167.16782,6.2,9.0,1.0,white,4.71512
14.194155,9.6419935,92.96804,0.32674477,1.0,0.0,164.34424,3.8,11.0,1.0,gray,5.029691
15.93729,9.813889,96.31241,0.30047435,0.0,0.0,165.28685,8.7,10.0,4.0,gray,4.472702
12.595894,13.638147,185.99907,0.62220716,1.0,0.0,177.18417,13.1,9.0,5.0,gray,4.320647
13.344676,10.259729,105.26205,-1.1388332,1.0,0.0,168.42253,5.3,4.0,4.0,black,3.649678
13.215784,13.6632,186.68304,1.0391117,0.0,0.0,163.58333,9.9,3.0,7.0,blue,4.3814926
11.07297,9.596417,92.091225,-0.07576428,1.0,0.0,186.65352,12.0,2.0,3.0,gray,4.1963587
14.59224,10.393176,108.01811,0.6704806,0.0,0.0,161.43831,12.4,9.0,7.0,black,5.139758
14.522111,0.008996577,8.09384e-05,-1.0718572,1.0,1.0,170.35567,0.5,12.0,8.0,black,4.5653977
14.010227,14.581638,212.62418,-1.5537587,0.0,0.0,176.52306,19.6,2.0,6.0,white,3.485431
13.530826,11.732443,137.65022,0.81788963,0.0,0.0,153.68665,6.1,6.0,6.0,gray,5.3324785
11.169258,14.99005,224.70161,0.37640953,1.0,0.0,174.80261,3.0,5.0,8.0,black,5.3969173
13.15871,4.481277,20.081844,-0.90205157,0.0,0.0,159.44893,2.8,5.0,8.0,gray,3.7712674
13.314571,20.441874,417.8702,-0.86966306,1.0,1.0,178.22783,6.6,4.0,7.0,white,5.585986
12.395446,9.302052,86.52816,1.1254348,0.0,0.0,160.37349,21.8,6.0,6.0,blue,4.4806895
13.677428,15.540915,241.52002,-1.1894119,0.0,1.0,176.92769,4.8,5.0,6.0,black,4.108991
14.808102,4.8004704,23.044516,1.6426729,0.0,0.0,181.05833,13.9,11.0,6.0,other,4.744051
17.772371,13.063869,170.66469,-0.90062076,1.0,0.0,178.61436,1.0,4.0,8.0,blue,5.2779694
14.349155,4.732922,22.40055,0.6383919,0.0,0.0,172.51317,6.5,9.0,1.0,black,4.1544576
14.5151005,6.881155,47.350296,-0.32861847,0.0,1.0,167.687,47.9,6.0,5.0,blue,4.51046
13.851109,19.570156,382.991,0.60318744,0.0,0.0,164.23581,14.7,11.0,3.0,white,5.3164515
10.162457,9.046588,81.84075,-0.544114,0.0,0.0,184.71034,2.4,10.0,8.0,black,3.8508248
13.946972,11.087164,122.9252,-0.1627929,1.0,0.0,163.00505,7.0,10.0,6.0,black,4.5859637
14.1204605,14.350339,205.93222,0.040919177,1.0,0.0,159.62933,2.7,10.0,2.0,black,4.6023016
18.926485,12.47841,155.71071,-1.0021875,0.0,1.0,176.65369,5.3,3.0,7.0,other,5.7712326
13.615278,10.752094,115.60753,0.74082434,1.0,0.0,162.03864,15.1,10.0,7.0,black,4.2408643
14.603095,11.824805,139.82602,-0.5132136,0.0,0.0,160.49936,14.8,6.0,5.0,gray,4.7476883
13.930576,22.017078,484.75174,-0.22859992,1.0,0.0,155.56396,2.6,1.0,8.0,other,4.105023
11.662644,9.711906,94.32113,-0.99434936,1.0,0.0,165.1709,25.5,5.0,5.0,black,4.33342
16.285646,11.005495,121.12092,-2.5623336,1.0,1.0,169.17285,9.0,10.0,1.0,other,4.074335
15.503866,15.253272,232.66231,-0.19102776,0.0,0.0,172.43092,4.8,6.0,9.0,other,5.5247808
15.582064,15.52763,241.10728,2.4126155,1.0,0.0,179.51306,7.0,11.0,4.0,white,5.21421
12.181225,15.935151,253.92905,0.7846043,0.0,1.0,175.26898,9.3,8.0,2.0,black,5.176514
16.805588,13.193651,174.07243,-0.01926038,1.0,0.0,168.09128,8.2,11.0,4.0,gray,4.586087
11.196298,4.2849755,18.361015,-0.26289082,0.0,0.0,168.01804,6.7,9.0,9.0,white,3.3444617
15.173715,18.167158,330.04562,0.022465892,1.0,0.0,175.10158,7.0,11.0,2.0,other,3.8692775
18.38091,4.268273,18.218153,0.54711914,1.0,0.0,182.72571,1.9,3.0,4.0,black,4.3041325
12.018928,11.513177,132.55324,-1.1808128,1.0,0.0,171.26314,16.8,2.0,2.0,white,3.6039193
12.867405,6.2286205,38.795715,1.1143217,0.0,1.0,165.30869,7.8,4.0,5.0,blue,4.999552
14.199303,9.679308,93.689,0.7153813,1.0,0.0,160.07133,1.4,8.0,3.0,black,5.0009995
12.993049,11.643812,135.57837,0.7181857,0.0,0.0,155.54794,14.5,11.0,2.0,blue,4.4686756
10.898673,11.606786,134.71748,0.43847573,1.0,1.0,176.66269,26.9,8.0,9.0,white,3.9151292
14.137126,12.109604,146.6425,0.019616658,0.0,0.0,175.77979,29.4,3.0,5.0,blue,3.9840498
11.875393,18.068556,326.47272,0.6728612,0.0,0.0,175.77364,4.6,4.0,5.0,blue,4.9471965
14.947185,12.267672,150.49577,0.59181416,0.0,0.0,168.71341,1.5,3.0,1.0,other,5.667193
12.161152,8.779217,77.074646,-0.3540407,0.0,1.0,184.06935,7.3,10.0,6.0,blue,5.1685066
17.099869,14.820436,219.64531,-0.5736018,0.0,0.0,165.15881,1.2,2.0,7.0,gray,5.4461265
12.433494,15.947352,254.31805,0.1018563,0.0,0.0,179.55269,27.2,4.0,1.0,blue,4.9122825
13.355877,3.861961,14.9147415,1.5490202,0.0,1.0,169.61256,2.0,6.0,9.0,blue,5.8062515
15.627034,12.987,168.66219,-1.2391071,1.0,0.0,163.91649,2.9,11.0,8.0,gray,4.510877
11.538271,13.505864,182.40837,-1.4675252,1.0,0.0,175.92531,5.2,11.0,8.0,other,4.014868
14.45492,8.512182,72.457245,0.16476084,0.0,1.0,174.09636,4.8,5.0,7.0,blue,4.83731
16.614286,16.878534,284.88492,0.0508877,0.0,0.0,173.56973,15.8,3.0,5.0,white,4.5516706
10.785033,9.2497225,85.557365,0.17334166,0.0,0.0,170.81279,6.1,2.0,3.0,black,3.7885916
14.369267,10.627882,112.95187,0.2439532,0.0,1.0,169.62106,1.9,9.0,9.0,black,5.08652
14.519766,9.134641,83.44166,-0.22320226,1.0,0.0,193.88371,3.1,1.0,7.0,blue,4.317194
15.563645,10.077895,101.56397,1.4898634,1.0,0.0,181.84256,7.1,9.0,8.0,black,5.8732657
11.526098,4.518625,20.41797,-1.600904,0.0,1.0,177.22827,1.6,1.0,6.0,black,3.9700272
11.359087,2.7997456,7.8385754,-0.82849705,0.0,1.0,171.118,9.5,7.0,5.0,blue,4.596307
15.043883,17.972525,323.01163,-0.10325476,0.0,0.0,180.07158,8.3,6.0,8.0,black,4.7685695
14.593969,5.7651935,33.237457,-1.6431888,1.0,0.0,175.17995,12.5,7.0,3.0,black,3.6351345
14.500986,5.0430384,25.432236,-0.1758544,1.0,0.0,170.26205,27.8,3.0,7.0,blue,3.4438307
14.692897,0.76695055,0.58821315,1.6614702,0.0,0.0,166.96436,24.3,3.0,2.0,gray,4.293567
12.639951,6.805191,46.310627,0.020886488,0.0,0.0,169.19083,29.2,11.0,3.0,other,4.526706
14.464507,3.384551,11.455186,0.23070091,1.0,0.0,138.29575,2.8,1.0,2.0,gray,4.122749
14.586145,18.210075,331.60684,-1.2601647,1.0,0.0,172.106,1.4,4.0,5.0,blue,4.805348
12.571297,15.049086,226.47498,-0.6163614,0.0,0.0,165.11523,3.6,12.0,7.0,other,4.4987016
17.731548,6.5592484,43.02374,-0.37519637,0.0,0.0,185.9267,22.5,2.0,1.0,white,4.740237
14.947666,21.262178,452.08023,-0.3177151,0.0,0.0,170.19344,35.8,10.0,9.0,black,6.06052
11.617393,14.908828,222.27315,1.2816437,1.0,0.0,158.11037,19.6,8.0,1.0,black,4.3883243
15.3131075,8.375843,70.15475,0.55769104,0.0,0.0,169.5012,1.2,3.0,1.0,gray,5.450286
12.050636,2.4970286,6.235152,-1.111458,0.0,0.0,159.53879,29.5,7.0,8.0,gray,3.472713
15.574169,21.454712,460.30466,0.24650478,1.0,0.0,174.73407,5.5,7.0,6.0,white,5.279529
16.317192,3.0521376,9.315544,0.49822176,0.0,0.0,172.90947,0.1,12.0,6.0,gray,5.209955
12.358635,1.7730063,3.1435513,1.140149,1.0,0.0,179.5784,5.8,9.0,9.0,gray,4.046315
15.926752,15.112852,228.3983,1.5805407,0.0,1.0,162.09119,0.5,6.0,4.0,other,4.635279
14.825562,22.198763,492.78506,-1.0150942,0.0,0.0,170.34009,7.8,1.0,8.0,blue,4.8183274
15.64412,16.921364,286.33255,-0.81085753,1.0,1.0,156.34978,4.1,8.0,4.0,black,5.5380826
17.793587,12.819546,164.34076,-1.2575779,0.0,0.0,177.01495,6.4,1.0,2.0,white,5.2232156
13.509224,12.973772,168.31876,-0.23401986,1.0,0.0,175.1887,9.5,3.0,8.0,black,4.500905
12.492528,14.267077,203.5495,0.46635836,0.0,1.0,174.95805,20.3,11.0,7.0,white,4.131816
12.220971,13.794643,190.29219,0.9873345,0.0,0.0,170.01619,10.8,5.0,4.0,other,4.357138
12.36838,11.405957,130.09586,-0.075951025,1.0,0.0,174.14774,5.7,8.0,9.0,gray,4.29621
13.845797,10.521006,110.69156,-0.31984752,0.0,0.0,186.0434,17.1,9.0,9.0,gray,4.722668
14.682304,9.687035,93.83864,0.15175799,1.0,0.0,167.14906,23.6,7.0,8.0,blue,5.0350018
14.553382,6.230177,38.815105,-0.8351429,0.0,0.0,171.38646,1.3,9.0,1.0,blue,4.236784
15.6543665,8.596624,73.90195,2.0895388,0.0,0.0,159.13873,7.6,11.0,7.0,blue,5.515347
14.026004,1.535216,2.356888,-1.607661,0.0,0.0,161.31738,3.3,3.0,5.0,gray,3.7999287
16.907068,9.508302,90.4078,0.18474057,0.0,0.0,170.97813,0.5,5.0,7.0,white,4.5688643
13.470686,5.0570445,25.5737,2.0236063,1.0,1.0,181.03934,11.0,10.0,9.0,gray,3.7264576
19.440338,4.4820533,20.088802,0.0067998446,1.0,0.0,167.4372,19.9,8.0,2.0,black,5.08209
15.251335,10.89947,118.798454,-0.19003904,0.0,0.0,167.64084,1.8,12.0,4.0,blue,4.8623347
12.285685,16.96001,287.64197,-0.35744542,0.0,1.0,165.93115,16.7,1.0,4.0,white,4.5243626
11.858215,14.591583,212.9143,-0.18039168,1.0,0.0,164.65244,19.2,8.0,2.0,blue,3.2866282
14.964945,2.147497,4.611743,1.3728485,1.0,0.0,172.9497,24.6,7.0,3.0,blue,4.7270617
13.553075,5.0518594,25.521284,-2.2118618,0.0,0.0,155.02742,3.1,1.0,8.0,white,3.6246262
15.428001,14.7038555,216.20337,1.5334337,0.0,0.0,182.8094,23.4,10.0,9.0,gray,5.642024
14.946475,5.087563,25.883297,-1.4239571,0.0,0.0,163.34578,3.9,12.0,6.0,blue,5.097377
13.854342,8.876834,78.79818,-0.26665232,1.0,0.0,177.21904,8.0,10.0,2.0,white,3.0945845
12.306413,12.75026,162.56914,-0.42924443,0.0,1.0,157.30002,0.5,12.0,2.0,black,4.3412967
10.970305,5.1582775,26.607826,0.58855325,0.0,0.0,176.6884,0.4,6.0,7.0,other,3.9708853
13.10697,10.526877,110.81515,-1.5981244,1.0,0.0,176.71945,12.7,1.0,8.0,black,4.514725
15.712797,3.3298726,11.088052,0.46217266,0.0,0.0,173.84203,5.9,2.0,8.0,black,3.842966
14.428187,6.9931617,48.904312,2.0243096,0.0,0.0,160.05571,3.0,5.0,6.0,white,6.008921
11.508522,11.598909,134.5347,-1.363174,0.0,1.0,172.49548,2.1,2.0,8.0,black,4.364812
14.346362,2.0350313,4.1413527,0.18970616,0.0,0.0,158.16943,11.1,10.0,1.0,gray,4.2693415
14.770635,12.2023735,148.89792,-0.6619822,0.0,0.0,167.47237,0.0,1.0,9.0,white,4.534314
12.2322855,9.901811,98.04585,0.4258872,0.0,1.0,180.29413,16.4,6.0,1.0,white,4.5692463
14.30745,12.76245,162.88014,0.019147778,0.0,0.0,177.96703,0.8,8.0,3.0,other,5.27783
14.116418,11.119571,123.64485,-0.6414869,1.0,0.0,170.15182,2.1,8.0,9.0,black,3.6663604
11.71406,16.820702,282.936,0.48787227,1.0,0.0,160.25194,4.9,8.0,5.0,gray,4.4780903
14.715574,10.626122,112.91448,1.8043481,1.0,1.0,176.45587,6.6,11.0,9.0,black,5.040985
15.121569,7.8529725,61.669178,-0.1909038,0.0,0.0,170.19382,4.4,6.0,9.0,blue,4.2489514
16.166103,10.611487,112.60367,0.7197579,0.0,1.0,146.79684,3.9,11.0,6.0,white,6.771928
16.107605,12.71649,161.7091,-1.293273,0.0,0.0,177.8263,33.2,3.0,1.0,blue,4.903628
11.244661,10.2443,104.94568,-0.9564364,0.0,0.0,169.75768,10.3,1.0,7.0,gray,4.2639356
12.12435,10.202958,104.10036,0.47240627,0.0,1.0,182.0245,0.2,2.0,6.0,blue,5.3637195
15.03007,6.4900417,42.12064,1.4841161,1.0,0.0,159.0473,5.6,5.0,9.0,gray,3.9621465
15.027572,6.6854954,44.695847,0.35561335,0.0,0.0,138.23296,20.8,10.0,7.0,other,5.575619
15.030095,2.9869735,8.92201,-0.31305802,0.0,0.0,172.79083,3.6,5.0,4.0,black,3.0920677
21.705463,18.747883,351.48312,-0.00070859457,0.0,0.0,172.91563,1.0,10.0,7.0,gray,5.6446486
15.141781,3.7806838,14.29357,-1.2504077,1.0,0.0,153.09328,14.2,1.0,2.0,white,3.6416965
16.271132,6.535474,42.712418,0.6045153,0.0,0.0,160.21501,9.3,1.0,6.0,blue,5.2320766
15.908004,6.4079638,41.062,0.88233304,1.0,0.0,197.55219,8.4,9.0,6.0,black,4.759559
15.302782,14.474622,209.51468,-0.45209032,0.0,0.0,166.9439,0.6,2.0,2.0,gray,4.75795
13.369461,8.525251,72.67991,-0.47004214,1.0,0.0,177.30959,1.5,7.0,4.0,blue,4.0207453
15.517939,16.23871,263.6957,0.26587823,1.0,0.0,163.49341,9.7,10.0,8.0,black,4.315776
12.4543495,6.632547,43.990677,-0.43671975,0.0,0.0,149.09697,2.3,4.0,8.0,white,3.3643188
13.526362,11.394971,129.84537,-0.06613261,0.0,1.0,168.29742,7.0,7.0,8.0,blue,5.27953
13.029273,5.8232646,33.91041,2.0997217,0.0,0.0,167.34395,7.9,8.0,8.0,other,5.14166
14.163749,20.725746,429.55655,-0.2470257,0.0,0.0,166.00122,3.3,5.0,1.0,white,5.669041
18.629316,4.062008,16.499908,-0.35834014,1.0,1.0,168.85359,29.6,12.0,2.0,gray,4.587024
10.26547,11.549104,133.38179,-0.6475418,1.0,0.0,172.64268,18.5,12.0,4.0,black,3.9839075
15.37252,13.168884,173.41951,0.74419194,1.0,1.0,168.49883,12.8,1.0,9.0,blue,5.016786
10.774569,12.068995,145.66064,-0.18122417,1.0,0.0,157.35994,0.8,4.0,3.0,black,4.4445953
13.056136,9.073562,82.32952,-0.64937305,0.0,0.0,174.86185,1.1,10.0,6.0,other,4.769143
16.1779,9.350897,87.43927,1.3213041,0.0,0.0,150.50629,6.8,3.0,7.0,black,5.3362308
14.12856,10.219057,104.42913,1.419603,1.0,0.0,149.49643,1.8,10.0,8.0,black,4.513134
11.84451,9.26499,85.840034,-0.6004236,0.0,0.0,177.3918,38.3,12.0,7.0,blue,4.5770955
12.569392,14.819396,219.6145,-1.86654,1.0,0.0,175.0702,1.7,5.0,3.0,black,4.111775
15.359196,21.052614,443.21255,1.0075136,0.0,0.0,169.42604,6.7,10.0,6.0,black,5.033482
12.539267,7.212541,52.02075,-0.6846298,0.0,0.0,156.04552,4.5,10.0,5.0,gray,3.4265652
14.432918,3.150985,9.928706,0.7906256,1.0,0.0,162.92088,10.2,6.0,4.0,black,4.0974584
14.091144,9.55859,91.36664,-1.9701039,0.0,0.0,167.37253,1.4,2.0,1.0,black,4.861001
12.696799,22.898546,524.34344,0.8925973,1.0,0.0,154.04106,5.6,7.0,7.0,blue,5.250482
18.287888,5.981627,35.77986,-1.211172,1.0,0.0,162.60971,3.2,3.0,8.0,gray,3.9073439
15.2678385,18.195583,331.07925,0.7307641,1.0,1.0,176.5233,21.9,1.0,2.0,gray,4.6996436
9.949715,18.388504,338.1371,0.014273068,1.0,0.0,184.27306,0.4,10.0,7.0,blue,4.5985403
14.372909,7.232059,52.302677,-0.95393944,1.0,1.0,165.80565,24.5,3.0,6.0,gray,3.7812545
12.676427,12.844915,164.99185,-0.4070363,1.0,0.0,177.56488,17.9,9.0,5.0,blue,4.3600554
15.704866,18.141983,329.13156,0.68631846,0.0,0.0,150.8594,3.5,10.0,4.0,other,4.9786615
12.414959,8.104362,65.68068,0.105894454,0.0,0.0,176.59451,15.6,11.0,2.0,black,5.1178207
13.770527,8.982099,80.67809,0.584413,1.0,0.0,161.96051,0.3,11.0,6.0,gray,3.9847183
15.0099745,7.0915956,50.29073,1.9764405,0.0,0.0,173.07346,34.1,6.0,5.0,white,5.6924925
15.73151,4.926216,24.267605,-1.5642416,0.0,0.0,167.52248,7.5,11.0,2.0,white,4.332401
11.599407,6.753612,45.611275,1.6172125,0.0,0.0,183.20415,3.6,6.0,7.0,black,4.6299167
13.330997,3.8802986,15.056717,0.10435594,1.0,0.0,161.25565,4.5,4.0,6.0,black,2.958346
13.050109,10.170418,103.4374,-0.89878404,1.0,0.0,176.27606,0.7,8.0,9.0,gray,2.8381512
12.693341,6.1501336,37.824142,-1.3303137,0.0,0.0,167.20493,45.4,5.0,5.0,black,3.7923238
17.530909,11.168929,124.74498,-0.1891204,1.0,0.0,168.41695,0.4,7.0,9.0,white,4.9512
14.809963,2.2205217,4.9307165,0.9216501,1.0,1.0,168.16147,10.6,9.0,9.0,gray,4.067609
11.478232,11.654401,135.82506,-0.12754913,1.0,0.0,161.54327,5.8,5.0,1.0,gray,3.4089403
15.835724,14.1676445,200.72215,1.5111549,1.0,0.0,169.85901,29.7,11.0,5.0,black,5.3832197
18.244312,0.031321786,0.0009810543,-1.4511757,1.0,0.0,169.37352,2.8,5.0,9.0,gray,4.357158
16.06493,11.870283,140.90363,-0.012088948,0.0,0.0,172.4124,7.6,4.0,7.0,gray,4.90916
10.96126,16.138346,260.4462,-1.2523935,1.0,0.0,170.84505,6.6,6.0,6.0,white,4.129046
13.031532,3.9517949,15.616683,0.36363187,0.0,0.0,177.97995,12.1,2.0,6.0,black,3.6800277
16.533823,18.362862,337.1947,0.8868874,1.0,0.0,179.23509,0.7,3.0,7.0,black,4.9884043
12.5846615,12.095095,146.29132,-0.4207618,1.0,0.0,159.49376,2.2,1.0,1.0,blue,4.885862
14.887639,6.474941,41.92486,-2.604214,0.0,1.0,178.68773,2.4,2.0,4.0,black,4.3128247
15.549268,9.721154,94.50084,0.19894814,0.0,1.0,158.13664,13.4,2.0,1.0,gray,5.2840514
12.146139,12.791635,163.62592,0.43673855,1.0,0.0,175.87856,2.1,8.0,6.0,other,5.387951
13.880949,10.380027,107.74496,0.40429476,0.0,0.0,176.19739,8.5,8.0,4.0,blue,3.9986017
7.517465,12.69378,161.13205,1.2357821,1.0,0.0,150.88683,2.4,2.0,1.0,white,4.135275
11.951224,5.396632,29.123638,-1.0710536,0.0,0.0,170.9298,19.8,6.0,9.0,black,4.6515875
13.4948635,10.846804,117.65315,0.68021613,0.0,0.0,165.31503,28.5,5.0,4.0,black,4.5650096
11.504434,2.9314275,8.593267,1.1925075,1.0,0.0,162.41235,7.3,3.0,6.0,black,4.3209
17.264822,9.44387,89.186676,-1.7785876,1.0,1.0,183.50853,4.3,5.0,7.0,blue,4.1815124
11.139717,5.4804616,30.03546,0.3196518,1.0,0.0,163.46321,2.7,5.0,8.0,other,3.4062965
13.119911,6.3223505,39.972115,-0.50417984,0.0,0.0,161.93623,0.5,5.0,9.0,black,4.373794
14.261481,16.180466,261.80746,-0.08152267,1.0,0.0,170.75694,3.1,3.0,9.0,gray,4.9271455
16.882547,15.456551,238.90495,0.3476765,1.0,0.0,176.8559,10.6,3.0,8.0,blue,5.5682573
11.128276,13.045691,170.19005,-0.48722857,1.0,0.0,168.58351,7.6,4.0,3.0,other,4.6448
16.326328,4.5384364,20.597404,-0.67570806,1.0,1.0,181.66371,28.8,7.0,2.0,black,4.548007
14.020466,8.417957,70.86201,0.03415242,1.0,0.0,175.30975,5.0,12.0,5.0,black,4.84263
12.036983,16.065489,258.09995,-1.087246,0.0,0.0,148.21788,11.8,12.0,1.0,black,4.068413
14.924207,10.708585,114.67379,-1.0858251,0.0,0.0,164.70534,6.7,12.0,3.0,blue,4.946062
14.398119,21.596647,466.41516,0.67937326,1.0,0.0,164.38158,7.2,2.0,1.0,black,4.962689
12.799566,11.966589,143.19925,-1.148794,0.0,0.0,174.79361,3.1,10.0,3.0,white,4.4303713
14.139605,10.960245,120.126976,0.6663125,1.0,0.0,143.75183,6.1,4.0,4.0,gray,4.73676
13.229373,8.454417,71.47717,0.4625913,0.0,0.0,195.4901,6.4,4.0,7.0,gray,3.733489
14.227035,10.667705,113.79992,-1.7258067,1.0,1.0,175.31026,12.3,1.0,5.0,blue,3.716805
15.324262,9.237651,85.33419,-0.6775647,1.0,0.0,171.48877,28.2,10.0,5.0,black,4.3494434
17.172033,13.540544,183.34631,1.1941094,0.0,0.0,181.81567,4.0,8.0,1.0,blue,4.6597795
11.524369,14.783511,218.5522,-0.9811655,0.0,0.0,193.43654,0.4,1.0,8.0,other,4.567428
18.266068,6.0700526,36.84554,-0.46440426,0.0,0.0,178.70747,6.9,8.0,4.0,white,5.3869443
10.095824,3.343835,11.181233,0.4620609,1.0,0.0,179.48813,7.9,7.0,5.0,white,3.6829233
13.69643,0.8189731,0.670717,0.7833905,1.0,0.0,171.3069,1.8,9.0,2.0,white,3.4382124
15.176635,12.539957,157.25052,-0.25153887,0.0,0.0,168.58475,14.3,8.0,1.0,black,5.498827
14.561984,4.483167,20.098787,-0.5975102,1.0,0.0,165.24205,41.9,5.0,9.0,black,5.002417
12.754601,0.764453,0.5843884,1.4223698,0.0,0.0,161.73888,29.1,8.0,2.0,black,4.3876038
13.5837555,11.942893,142.63269,1.7388997,0.0,1.0,163.12985,2.2,11.0,6.0,blue,5.651497
13.013998,22.464998,504.67615,0.97885805,1.0,0.0,156.49445,20.8,10.0,1.0,black,4.840907
12.821271,9.9696455,99.39383,0.08531814,0.0,0.0,169.24129,12.2,12.0,1.0,blue,4.7084894
15.699204,14.192454,201.42577,-0.80826575,0.0,0.0,153.15332,6.0,12.0,9.0,gray,4.743157
14.714031,10.409147,108.35035,-0.8304444,0.0,1.0,171.90916,7.8,3.0,4.0,white,4.84841
12.614181,9.505551,90.35551,0.5225141,0.0,0.0,169.63669,18.9,10.0,9.0,gray,4.955592
15.7992,14.595383,213.02519,0.41839823,0.0,0.0,171.46936,6.5,7.0,5.0,other,6.3099895
14.614599,8.548627,73.079025,1.4015986,0.0,0.0,164.77869,4.7,12.0,7.0,black,4.2823925
15.625724,11.336962,128.5267,0.6504501,1.0,0.0,200.7686,6.8,4.0,1.0,black,4.706256
15.259257,11.608489,134.75702,-1.5030802,0.0,0.0,183.60117,8.7,5.0,6.0,gray,3.884641
12.34201,6.659548,44.34958,1.0519476,0.0,0.0,157.55458,2.1,9.0,8.0,black,5.2655244
12.879638,14.960212,223.80794,-0.99806064,0.0,0.0,172.32867,23.1,7.0,1.0,black,4.0623665
15.494587,9.125201,83.269295,-0.38397127,0.0,0.0,163.91994,11.2,4.0,9.0,blue,3.9708376
15.22074,6.2212744,38.704254,0.2502002,1.0,0.0,159.85521,10.0,6.0,3.0,black,4.6993265
13.958197,12.682549,160.84706,1.9956675,1.0,0.0,156.59927,1.0,10.0,1.0,blue,5.7649074
14.234654,5.50766,30.334318,3.1099186,0.0,0.0,174.32217,9.3,11.0,1.0,blue,5.5446024
16.55533,10.140905,102.83796,0.60672307,1.0,0.0,163.1862,1.3,7.0,6.0,blue,4.9429955
12.816857,9.954405,99.09017,-0.18319662,1.0,1.0,179.67825,0.8,10.0,6.0,gray,4.6294737
15.094194,15.429478,238.06879,0.53450567,1.0,1.0,179.93782,7.5,9.0,1.0,blue,5.8428755
13.595614,12.373491,153.10329,0.88765544,0.0,1.0,183.73915,5.2,4.0,3.0,black,4.7634625
13.564637,9.874866,97.51297,-0.32066762,0.0,0.0,161.47614,8.9,10.0,7.0,black,4.3935843
16.197554,14.088832,198.49518,1.7952113,0.0,0.0,174.75366,0.9,3.0,3.0,blue,5.2989254
15.650833,16.951038,287.3377,0.23007075,1.0,0.0,176.32454,5.6,8.0,3.0,gray,4.2509336
15.627019,12.789051,163.55983,0.4977431,0.0,0.0,165.25822,1.9,1.0,3.0,white,4.908085
16.610958,10.051764,101.03795,0.66592425,1.0,0.0,162.28229,43.5,9.0,7.0,gray,5.414053
14.042007,3.4408188,11.839234,0.4215866,0.0,0.0,186.0952,8.2,1.0,4.0,black,4.6896086
15.363906,4.674432,21.850313,0.8389405,0.0,0.0,172.27496,11.6,2.0,4.0,gray,5.095092
13.379466,8.473877,71.80659,-0.6172532,1.0,0.0,176.35968,3.9,8.0,3.0,gray,4.0624704
14.648333,6.952439,48.336407,-0.55830175,0.0,0.0,161.77924,1.0,9.0,9.0,blue,4.688146
13.739714,9.065144,82.17683,-1.1001543,0.0,1.0,157.80716,37.2,7.0,2.0,blue,4.197355
14.193992,10.28325,105.745224,0.43950123,1.0,0.0,164.3055,3.4,3.0,4.0,blue,4.2954683
15.190314,12.648464,159.98364,0.7789365,1.0,0.0,168.75978,5.5,7.0,8.0,gray,4.8682075
12.363559,9.647506,93.07436,0.45777288,1.0,1.0,159.3578,10.5,6.0,6.0,gray,4.643511
18.184774,12.432508,154.56726,1.6744925,1.0,0.0,169.90155,0.3,2.0,7.0,black,5.5978165
11.987966,10.322372,106.55138,-0.005596019,1.0,0.0,153.11494,16.6,3.0,7.0,gray,3.9404192
11.571623,0.12266717,0.0150472345,0.66874164,1.0,0.0,158.79953,7.7,11.0,2.0,black,3.4215622
16.316221,5.3033233,28.125238,-1.0917009,0.0,0.0,176.7091,3.3,12.0,4.0,black,6.0434675
15.583325,9.279562,86.11027,-0.3870997,0.0,1.0,176.0379,0.6,10.0,6.0,other,5.5147805
15.2482395,3.9515264,15.614561,0.69553775,0.0,0.0,166.08124,1.8,10.0,3.0,other,4.8891716
15.256691,12.999643,168.99072,0.84910214,0.0,0.0,159.82236,22.5,12.0,9.0,black,4.995163
13.975507,17.653753,311.655,-0.29396695,1.0,0.0,159.72597,11.6,5.0,4.0,blue,4.244795
12.205491,16.09381,259.01068,-0.07159925,1.0,0.0,166.26732,2.9,10.0,2.0,black,4.1541414
14.151609,8.932786,79.79466,-1.5178738,1.0,1.0,176.44519,0.7,4.0,6.0,blue,4.39586
12.645677,17.45363,304.6292,-0.3570292,0.0,0.0,179.28246,11.7,2.0,1.0,white,3.609965
15.950239,10.743338,115.419304,0.8903832,1.0,0.0,165.03468,8.5,4.0,6.0,other,4.059618
13.705885,8.31457,69.13208,0.575205,0.0,0.0,158.46507,5.2,12.0,1.0,gray,4.310985
12.349006,6.9329867,48.066303,0.5006657,1.0,0.0,172.67844,4.5,8.0,8.0,blue,4.1489997
13.357228,8.487652,72.04023,0.049773686,1.0,1.0,161.76465,2.4,5.0,5.0,gray,4.3836102
14.825863,8.059116,64.949356,0.007063159,0.0,0.0,164.81747,11.1,5.0,6.0,blue,5.3833036
12.872551,10.852081,117.76767,-0.6603211,0.0,0.0,183.25276,35.3,12.0,2.0,other,3.557961
12.355559,10.80287,116.701996,0.6988284,0.0,0.0,178.27115,1.9,12.0,2.0,white,4.1838384
14.487374,10.01523,100.30483,0.42097294,1.0,0.0,171.57974,9.1,10.0,9.0,gray,5.2390046
14.489933,12.18469,148.46667,0.49201885,1.0,0.0,157.2808,5.5,3.0,3.0,blue,4.6446695
12.986114,15.953232,254.5056,-0.52603483,1.0,1.0,172.11397,5.9,8.0,6.0,black,5.0115175
13.057923,14.74777,217.49673,-2.153343,0.0,0.0,180.62657,2.9,6.0,5.0,black,5.1133456
14.4641,2.5755103,6.633253,1.0971527,0.0,1.0,166.24367,17.4,2.0,4.0,white,4.5948977
11.103831,2.7696056,7.6707153,-0.47883746,1.0,0.0,183.51114,6.6,2.0,2.0,blue,3.3547142
11.185073,14.671599,215.25583,-0.86277574,1.0,0.0,182.92746,7.8,9.0,8.0,blue,3.6908937
12.563111,3.1656065,10.021065,0.6934789,0.0,0.0,186.63733,3.6,7.0,7.0,blue,3.260455
13.573106,8.876173,78.786446,-0.39201263,0.0,0.0,173.05243,2.0,10.0,2.0,white,4.236548
14.621815,4.149435,17.217812,1.0599364,1.0,1.0,175.87392,0.9,9.0,6.0,black,5.1805363
16.950712,0.9900978,0.9802937,0.61700594,0.0,0.0,184.14188,12.5,6.0,8.0,white,5.0255785
15.71532,12.707314,161.47581,0.6835693,0.0,0.0,174.47394,2.2,5.0,7.0,white,5.438695
13.680123,13.795775,190.32343,-1.3659557,0.0,0.0,164.98766,11.7,12.0,1.0,other,4.160198
13.961967,7.117448,50.658066,1.211944,0.0,0.0,165.51457,4.9,1.0,5.0,blue,4.4456215
11.994942,2.9552114,8.733274,0.26125053,1.0,0.0,172.38554,5.4,12.0,2.0,black,4.3677616
13.962974,7.268778,52.835133,-0.36927715,1.0,0.0,157.09439,6.3,6.0,6.0,blue,3.8367596
13.422683,11.95902,143.01816,0.14338847,1.0,0.0,168.56741,4.6,6.0,7.0,blue,4.4708133
14.645437,2.605442,6.788328,-1.7762352,0.0,0.0,180.96547,1.1,3.0,7.0,black,3.983962
12.345538,10.9168,119.17651,0.4086528,0.0,0.0,148.08746,3.7,3.0,3.0,gray,5.220684
15.038693,9.92345,98.47487,-1.0293715,0.0,0.0,185.34482,10.9,3.0,7.0,blue,4.9810996
17.065477,12.896458,166.31862,-1.3526703,0.0,0.0,181.22374,11.0,3.0,5.0,white,4.1814938
13.782479,10.597902,112.31554,-1.5223591,1.0,0.0,165.40236,3.4,7.0,8.0,black,3.3165646
14.803424,5.1346555,26.364687,1.1126884,0.0,1.0,175.43391,6.2,10.0,8.0,gray,5.4198546
15.380288,15.982858,255.45174,-0.6292634,0.0,0.0,170.03148,2.1,11.0,7.0,white,4.8210783
13.197559,9.207352,84.77532,1.5337278,0.0,0.0,182.2999,2.4,2.0,6.0,white,4.6031456
14.448185,9.863478,97.28819,-0.5358015,0.0,0.0,179.82683,0.2,10.0,2.0,white,5.035612
14.025185,5.33366,28.447931,-1.707358,0.0,0.0,155.9993,22.7,10.0,6.0,gray,4.0622396
14.195353,7.783589,60.584255,-1.1165245,0.0,0.0,175.87262,2.4,2.0,9.0,other,4.282832
12.45398,5.5759864,31.091623,1.2358116,1.0,0.0,167.94373,2.6,3.0,2.0,blue,4.5704317
14.049021,9.13527,83.45316,-0.15589818,0.0,0.0,170.82832,3.3,10.0,1.0,blue,4.345487
14.995996,18.558542,344.4195,-0.5482873,0.0,0.0,162.71828,1.4,12.0,5.0,black,5.6656804
16.902287,3.1404943,9.862704,0.16001822,1.0,0.0,187.48137,10.2,7.0,6.0,black,4.0598907
15.918542,1.932193,3.73337,0.5017827,1.0,1.0,180.40062,0.8,3.0,3.0,black,5.0038896
18.306364,17.355852,301.22562,1.1173989,1.0,1.0,162.6023,1.4,7.0,8.0,black,6.5323462
12.465305,8.953382,80.16304,1.4484992,1.0,0.0,156.6539,10.3,9.0,7.0,black,3.7003126
15.744641,6.6546364,44.284184,-0.35976866,0.0,0.0,166.14328,4.2,11.0,2.0,black,4.4550805
14.366684,15.199523,231.0255,-1.3260477,0.0,1.0,174.34503,12.3,10.0,7.0,black,5.4255395
18.379606,6.9719224,48.6077,-0.41346517,0.0,0.0,172.40205,8.2,12.0,1.0,other,5.6019044
12.383404,19.130049,365.95877,0.26028052,1.0,1.0,182.53133,3.0,11.0,9.0,black,4.668677
12.320557,13.389629,179.28218,-0.96375895,1.0,0.0,177.8992,10.5,4.0,7.0,gray,3.5639038
12.801215,7.560443,57.160297,-0.95715094,0.0,1.0,179.6957,1.2,7.0,6.0,black,4.9053283
9.752209,20.786541,432.0803,0.34378788,0.0,0.0,173.26855,7.7,9.0,2.0,other,4.955665
12.94849,6.9714255,48.600773,-0.04865235,1.0,1.0,156.10701,5.7,8.0,3.0,white,3.7674637
12.481734,13.710477,187.97717,0.032796994,0.0,0.0,168.04301,3.1,8.0,1.0,gray,3.9131536
14.300788,11.496463,132.16866,-0.75849533,1.0,0.0,180.60089,9.3,9.0,5.0,gray,4.325742
14.683512,16.508707,272.5374,-0.23040071,1.0,1.0,169.48477,20.5,5.0,9.0,black,5.227592
17.752342,17.807556,317.10907,-0.92423314,1.0,0.0,175.0309,68.2,5.0,6.0,other,4.7336025
15.900847,10.160021,103.22602,0.8901984,1.0,0.0,166.81252,9.4,3.0,5.0,white,5.153698
12.846192,6.2329106,38.849174,1.0352494,1.0,0.0,159.70189,5.2,5.0,3.0,white,3.8657985
12.203171,12.299861,151.28658,-1.8461878,0.0,0.0,168.76656,2.6,8.0,5.0,gray,2.8982873
14.983838,6.611423,43.710915,-0.92951083,1.0,1.0,173.09047,3.0,12.0,8.0,blue,4.2062225
11.359533,20.066936,402.68195,-1.4965292,1.0,0.0,163.44312,6.5,5.0,2.0,white,3.8627481
17.662918,10.682676,114.119576,-0.65002394,0.0,0.0,167.64288,4.6,4.0,5.0,black,4.875853
16.358881,8.173392,66.804344,-0.08343797,0.0,0.0,160.60536,24.5,8.0,6.0,gray,4.27727
13.061648,10.923402,119.32071,-1.4496452,0.0,0.0,181.19244,4.6,7.0,8.0,black,3.2250948
10.57373,3.2643685,10.656102,-0.9218598,0.0,0.0,167.05544,4.7,6.0,8.0,other,3.2837563
16.707745,5.1419296,26.43944,-1.0039574,1.0,0.0,184.52756,4.8,5.0,5.0,black,4.6860757
13.770921,16.00207,256.06622,0.20726733,1.0,0.0,185.28748,18.1,5.0,9.0,black,5.1496115
16.475632,6.7155285,45.098324,0.069344334,0.0,1.0,169.18954,10.5,10.0,4.0,gray,5.790371
10.811145,4.765445,22.709469,-0.72173756,0.0,0.0,159.91551,9.5,2.0,9.0,white,3.2965
12.8012495,12.683264,160.86517,0.17682087,1.0,0.0,149.14102,4.1,4.0,7.0,gray,3.6876698
14.010488,15.928521,253.71779,-0.5466801,0.0,1.0,155.27963,17.0,8.0,6.0,black,5.2652135
14.093961,13.594767,184.81767,-0.2716551,0.0,0.0,156.26166,0.4,8.0,4.0,black,4.9945984
13.099869,14.980238,224.40753,1.6734521,1.0,1.0,183.7847,20.5,11.0,2.0,white,5.3078346
15.2457,6.2160244,38.638958,1.340461,0.0,0.0,171.15825,7.2,1.0,8.0,other,3.949261
11.864759,2.8909466,8.357573,-1.2995813,0.0,1.0,173.89604,5.1,2.0,6.0,white,3.5364754
13.715241,17.506668,306.48343,0.8297324,0.0,0.0,147.79579,6.9,5.0,3.0,blue,4.9937916
14.240591,8.3866005,70.33507,0.81139654,0.0,1.0,158.02034,11.0,9.0,7.0,other,5.365408
15.028877,8.745835,76.48963,-1.1482633,1.0,0.0,178.8708,0.1,10.0,7.0,blue,4.49918
15.42323,16.64097,276.92188,0.8187776,0.0,0.0,172.86774,20.5,11.0,6.0,blue,5.3118424
11.750716,12.78115,163.35779,1.5379319,0.0,0.0,168.52795,5.9,12.0,2.0,blue,4.9159937
10.931771,12.279439,150.78462,-1.1225448,1.0,0.0,175.64842,4.2,11.0,8.0,blue,3.687544
16.555353,20.825012,433.68112,-0.9175028,1.0,0.0,186.35797,1.5,7.0,1.0,white,5.1125565
14.664628,6.7824087,46.00107,1.0176615,0.0,0.0,167.78958,5.8,10.0,1.0,blue,4.971486
12.503027,14.6392,214.30618,0.2714953,0.0,0.0,170.6937,6.9,5.0,6.0,blue,4.6402426
17.102304,10.285066,105.78258,0.5514763,1.0,0.0,171.92596,5.2,1.0,5.0,black,4.7803516
14.231349,11.342961,128.66277,0.34058923,0.0,0.0,193.9211,11.4,6.0,9.0,black,4.812411
16.358595,17.642342,311.25223,0.39069593,0.0,0.0,149.00644,5.5,12.0,7.0,gray,5.541047
14.135037,12.539179,157.231,-1.3264722,1.0,0.0,176.83223,32.5,8.0,2.0,black,4.217495
18.121496,12.691481,161.07368,1.0473177,1.0,0.0,168.85197,9.1,7.0,7.0,black,5.470882
17.510681,15.362536,236.00752,1.16959,1.0,0.0,175.66772,16.5,2.0,3.0,gray,5.9761047
13.502071,8.175237,66.834496,-0.22939074,1.0,0.0,163.42627,1.2,12.0,1.0,gray,4.2242246
15.943142,5.8039517,33.685856,-0.04347695,1.0,0.0,169.51035,5.1,5.0,8.0,white,4.0706544
15.290751,4.7759542,22.809738,-1.5311075,0.0,0.0,177.1141,4.1,11.0,3.0,blue,4.616387
16.737263,0.16821705,0.028296975,0.51425475,1.0,1.0,201.1291,8.4,4.0,8.0,white,4.016119
12.070153,20.281036,411.32043,0.5720574,0.0,0.0,178.08037,19.7,9.0,7.0,other,4.218373
15.372103,4.4839582,20.10588,-0.062191017,0.0,0.0,161.51935,0.8,10.0,2.0,white,4.707123
16.11685,8.893732,79.09847,1.1243534,1.0,0.0,165.7624,0.8,1.0,1.0,gray,5.1113396
10.482521,8.615933,74.23431,-0.33407724,1.0,0.0,165.46587,19.0,12.0,7.0,blue,3.0090547
11.633483,11.537033,133.10313,0.56460595,0.0,0.0,152.04356,2.4,6.0,1.0,other,4.253884
9.9215355,14.078686,198.2094,-1.0196643,1.0,0.0,166.6991,11.0,3.0,6.0,black,3.2767842
13.461186,14.302367,204.55771,-0.023552151,0.0,0.0,177.3283,7.8,11.0,8.0,black,4.4235363
15.435084,7.084613,50.19174,-0.17435426,0.0,0.0,157.25768,17.9,9.0,7.0,blue,5.118358
17.004715,9.1643915,83.98607,0.22530793,0.0,0.0,180.48483,1.3,5.0,4.0,black,5.426164
14.14819,11.4129,130.25429,-0.36952692,1.0,0.0,174.87775,1.4,6.0,1.0,other,4.274805
17.25723,8.756544,76.67706,-0.1314726,1.0,0.0,162.65767,8.1,11.0,1.0,gray,4.431451
11.239797,18.036728,325.32355,0.8260472,0.0,0.0,168.5847,29.3,9.0,4.0,gray,3.974537
10.593235,12.454875,155.12392,-0.43676424,1.0,1.0,185.98322,5.4,9.0,5.0,gray,4.832056
13.888905,13.674389,186.9889,-1.6065772,0.0,0.0,177.33548,4.0,8.0,7.0,blue,4.6112227
14.768131,13.314406,177.27342,1.749584,1.0,0.0,170.08783,9.3,9.0,4.0,black,4.620872
13.93461,15.86737,251.77342,1.3814541,0.0,1.0,167.62317,26.7,4.0,1.0,gray,5.845624
9.865116,10.9051075,118.92137,-1.2922627,0.0,0.0,170.7661,18.1,6.0,7.0,gray,3.6569748
13.82176,3.5158403,12.361133,0.6897078,1.0,0.0,164.88237,54.0,5.0,2.0,blue,4.0007257
11.391061,11.99844,143.96255,-0.50297475,0.0,0.0,148.9525,0.2,5.0,2.0,white,4.376465
15.339345,6.7432156,45.470955,0.26348722,0.0,1.0,190.42178,1.2,4.0,8.0,black,4.7051463
14.733196,7.3569164,54.124218,0.29422414,1.0,0.0,171.55325,9.4,2.0,5.0,black,4.1989474
12.12024,12.93182,167.23196,-0.2344078,1.0,0.0,173.98148,17.2,12.0,2.0,black,4.128842
12.972266,16.191416,262.16196,-0.7837657,0.0,0.0,169.42093,3.4,6.0,5.0,blue,4.2094955
11.881573,10.106358,102.138466,-0.690541,0.0,1.0,162.64883,2.7,9.0,8.0,white,4.7983866
13.874641,11.544165,133.26773,-0.91619194,0.0,0.0,168.14076,15.5,12.0,6.0,white,5.3460636
15.910285,18.511074,342.65985,-0.8318222,0.0,0.0,154.00606,0.6,1.0,3.0,blue,4.5694427
12.028548,11.203766,125.52437,-0.06717829,0.0,1.0,192.77086,4.6,7.0,8.0,gray,3.8516262
15.008093,23.008415,529.38715,-0.71576,1.0,0.0,157.65488,7.0,6.0,9.0,gray,3.6225214
12.939485,12.827548,164.54599,0.6820521,1.0,0.0,159.68034,8.2,3.0,5.0,black,4.3413086
12.414254,1.1961862,1.4308614,1.4872462,0.0,0.0,165.59741,13.0,1.0,2.0,black,3.972708
13.785939,13.766708,189.52226,-0.58005327,0.0,0.0,182.88075,4.4,4.0,2.0,other,4.6632886
11.929515,11.905792,141.7479,0.2394045,0.0,1.0,170.1451,9.5,9.0,7.0,gray,4.8381767
12.892701,16.448763,270.5618,0.4996851,0.0,0.0,157.63864,8.8,2.0,1.0,other,3.9735818
11.604244,13.365907,178.64746,0.47200227,1.0,1.0,182.54338,7.9,3.0,2.0,blue,3.624502
17.929451,9.30772,86.63365,0.075955264,0.0,0.0,177.31001,10.2,2.0,4.0,gray,5.3282022
14.070527,3.8785088,15.04283,0.7426824,0.0,0.0,175.38435,3.0,2.0,1.0,black,4.5816317
12.600549,8.954884,80.18994,0.48224896,1.0,1.0,177.15735,0.9,10.0,4.0,black,4.3048377
14.427959,5.747398,33.03258,-1.2376624,0.0,0.0,193.94362,1.3,11.0,5.0,blue,3.338018
13.775344,7.0973825,50.37284,0.86915606,1.0,0.0,191.85095,2.5,11.0,9.0,blue,4.5947556
13.558061,12.942892,167.51845,0.88729084,0.0,0.0,163.13284,6.9,8.0,1.0,black,5.500537
15.228333,18.349522,336.70496,-0.7632861,1.0,1.0,186.23885,18.4,3.0,5.0,black,5.0466857
15.515016,11.973357,143.36128,0.037937835,1.0,0.0,173.83168,12.1,7.0,2.0,black,4.18804
12.938997,4.0205846,16.1651,0.683329,1.0,0.0,174.99095,15.6,8.0,9.0,gray,4.0590277
12.848364,12.223013,149.40204,-0.20931382,1.0,0.0,153.07729,4.3,3.0,6.0,blue,3.4758475
13.449897,15.983157,255.46132,1.072978,0.0,0.0,168.29614,5.2,2.0,2.0,black,5.518237
9.396157,6.9510856,48.31759,2.3638725,0.0,0.0,161.87177,5.0,8.0,3.0,black,4.4100614
10.969618,9.329914,87.047295,-0.785986,1.0,0.0,178.2806,2.1,3.0,8.0,black,2.7376153
16.73375,10.073441,101.474205,-1.3810446,1.0,0.0,180.7108,0.6,7.0,1.0,gray,4.217396
17.289936,6.0755086,36.911804,0.30381858,0.0,0.0,149.25514,8.9,12.0,3.0,black,5.2287145
13.501928,13.241403,175.33475,0.7215625,0.0,0.0,169.77965,45.3,1.0,1.0,white,4.6583056
15.153114,9.395259,88.27089,-0.23086637,0.0,1.0,181.21861,1.8,12.0,8.0,black,4.9027476
14.6225,12.097662,146.35342,1.4532607,0.0,0.0,168.13321,0.5,6.0,1.0,black,4.5239954
20.157763,5.562539,30.941841,-1.3386058,0.0,1.0,177.29063,15.1,12.0,5.0,white,5.6250935
16.23915,7.8127084,61.038414,0.6929186,1.0,0.0,173.51166,2.9,12.0,4.0,gray,4.3925915
13.744164,13.611907,185.28401,-0.6058608,0.0,0.0,173.4166,17.7,9.0,7.0,black,3.4633665
12.088919,8.135835,66.1918,1.7193779,0.0,1.0,167.28685,12.2,12.0,5.0,white,4.8295116
10.787107,18.634819,347.25647,1.9925153,1.0,0.0,157.8342,29.1,3.0,8.0,blue,5.0776024
14.406927,8.001819,64.0291,-0.7666566,1.0,0.0,158.7847,5.3,7.0,1.0,white,3.8919902
12.487299,11.123424,123.73055,-0.54955715,1.0,1.0,177.09352,10.8,6.0,5.0,gray,5.1983733
11.155493,14.662954,215.00223,0.8595879,1.0,0.0,170.19458,6.3,8.0,4.0,gray,4.4674807
12.706854,2.9081714,8.457461,-0.38713065,0.0,0.0,168.61488,10.0,3.0,3.0,other,4.1446576
11.836904,1.195956,1.4303107,-0.045411218,1.0,0.0,165.7611,6.0,3.0,5.0,black,3.4703107
17.374283,2.3717184,5.625048,0.02538842,0.0,0.0,166.9481,2.1,4.0,3.0,gray,4.7150245
15.76328,16.31292,266.11136,-1.9196732,0.0,0.0,180.46912,7.1,3.0,8.0,blue,4.4655256
13.984055,7.2407093,52.42787,-0.013837746,1.0,0.0,166.64755,7.5,9.0,3.0,black,4.025029
16.959888,22.790997,519.4295,-0.6897278,1.0,0.0,156.58936,16.6,11.0,1.0,black,5.185015
14.1547365,7.178762,51.534622,-0.49312282,0.0,0.0,177.43652,13.3,4.0,9.0,black,3.9112058
12.2774315,10.922756,119.3066,1.443632,0.0,0.0,167.95123,10.9,6.0,9.0,gray,4.200635
17.046247,17.71055,313.6636,-1.2565069,0.0,0.0,170.31396,1.2,8.0,6.0,gray,4.430183
15.07782,20.030464,401.21948,0.8132052,0.0,0.0,186.07579,12.8,11.0,1.0,gray,6.28841
11.925508,20.307518,412.3953,-0.27896294,0.0,0.0,169.79439,6.9,8.0,8.0,black,4.790313
13.619323,16.041832,257.34036,-0.27976018,1.0,0.0,172.89183,22.5,5.0,2.0,blue,4.5303736
12.248763,15.120313,228.62386,0.7903719,0.0,0.0,158.21077,25.2,5.0,9.0,other,4.184746
11.234401,12.962635,168.0299,0.3400513,1.0,0.0,167.8033,0.6,6.0,8.0,blue,4.3915725
15.852355,13.891806,192.98227,0.570613,1.0,0.0,176.09526,17.2,10.0,3.0,gray,4.8027472
17.818832,7.2440715,52.47657,0.96818465,1.0,1.0,154.44626,0.4,7.0,5.0,white,5.454123
11.202865,5.9090056,34.916348,-0.3313084,1.0,0.0,172.00845,4.6,10.0,9.0,white,3.1289167
15.125938,9.983128,99.662834,-0.61223674,0.0,0.0,171.0079,7.8,7.0,1.0,blue,4.695291
12.698715,9.149076,83.7056,-1.0851505,0.0,0.0,170.41287,1.6,4.0,9.0,white,3.8868425
13.025749,7.7338595,59.812584,-0.82541054,1.0,0.0,180.37158,13.7,6.0,4.0,blue,3.468923
12.815212,13.481937,181.76263,2.9490945,1.0,1.0,173.34439,0.1,7.0,4.0,white,5.7037616
12.272018,14.776526,218.34573,1.2446796,1.0,1.0,184.78072,1.8,5.0,4.0,black,4.101364
14.097043,10.442035,109.03609,-1.3510743,0.0,0.0,160.0641,8.7,5.0,9.0,black,4.576662
12.3380995,17.38765,302.33035,-1.3224579,1.0,0.0,171.35925,12.5,2.0,6.0,black,4.3032722
14.540914,4.2915545,18.41744,0.48186606,0.0,1.0,170.84467,24.8,7.0,8.0,white,4.4508576
13.899524,9.031703,81.571655,0.5472648,1.0,1.0,159.30745,12.2,12.0,4.0,blue,4.3219104
13.522104,6.4158883,41.163624,0.54888386,1.0,0.0,179.56294,11.1,6.0,3.0,black,4.0978136
12.184873,0.6673169,0.44531187,-0.2549558,0.0,0.0,193.24673,5.0,11.0,1.0,black,3.944604
12.8464575,9.5865965,91.90283,-0.12545426,1.0,0.0,169.82994,0.0,1.0,7.0,other,4.0024705
15.510782,9.391262,88.1958,0.32787952,0.0,1.0,175.05022,1.3,4.0,4.0,white,5.450648
15.001834,17.56725,308.60825,0.085893005,0.0,0.0,170.84518,7.6,3.0,8.0,gray,5.898665
12.044889,13.154058,173.02925,-2.2193003,0.0,0.0,162.86415,11.2,12.0,3.0,gray,3.6142645
14.198665,4.879066,23.805285,-0.22979963,1.0,0.0,151.7924,5.4,3.0,1.0,blue,3.183699
15.502774,19.270462,371.3507,-0.85140646,1.0,0.0,162.94226,13.1,7.0,5.0,blue,5.0104036
10.661189,16.10517,259.37646,0.17521141,1.0,0.0,156.08041,7.4,11.0,2.0,other,4.8915715
15.08672,12.910488,166.68071,2.985259,0.0,1.0,187.04102,0.8,12.0,3.0,black,6.1636553
12.674752,8.867579,78.633965,0.36748168,1.0,0.0,168.8489,2.1,10.0,6.0,blue,3.6026297
15.141197,5.2028036,27.069166,-0.3135297,1.0,0.0,166.5408,18.3,4.0,3.0,blue,4.1159496
12.473482,8.138967,66.242775,0.9218015,0.0,0.0,178.89154,12.9,12.0,3.0,blue,3.9643059
10.390236,15.443743,238.50919,0.4826879,1.0,0.0,158.78249,22.5,8.0,6.0,blue,4.38875
10.744915,19.422932,377.25027,0.4200945,0.0,0.0,162.33136,1.3,11.0,5.0,blue,3.8292415
14.096169,17.716217,313.86435,0.60685056,1.0,0.0,170.68073,46.3,9.0,9.0,black,4.565182
14.519445,7.5557528,57.0894,2.0565436,0.0,0.0,180.28769,2.3,3.0,1.0,blue,4.5861397
12.191367,4.4019127,19.376835,-1.1308885,0.0,0.0,175.01685,0.1,5.0,3.0,black,3.8541338
15.2771845,10.704432,114.584854,0.47363207,0.0,0.0,172.48325,59.6,4.0,3.0,black,4.754496
10.67696,1.1578032,1.3405082,-0.9263811,1.0,0.0,170.78117,3.3,12.0,6.0,black,3.2264576
13.867841,11.615839,134.92772,0.55551267,0.0,1.0,174.00237,11.0,10.0,8.0,white,5.1422524
11.577968,9.261987,85.7844,-0.9186865,0.0,1.0,172.01653,1.9,6.0,3.0,blue,3.8336291
12.696328,7.6698174,58.8261,-0.4173668,1.0,0.0,159.70027,8.7,11.0,3.0,gray,4.2149096
14.094797,2.0264847,4.1066403,-0.2950899,1.0,0.0,170.46078,23.4,10.0,6.0,gray,3.833547
12.279173,12.568001,157.95465,0.9758167,0.0,1.0,159.2631,3.9,4.0,8.0,gray,4.5376906
13.230889,7.336496,53.824173,0.91845447,0.0,0.0,170.81082,11.1,8.0,6.0,blue,5.7210765
16.012585,4.150416,17.225952,-1.2457174,0.0,1.0,165.19353,2.1,3.0,3.0,blue,4.9104724
12.846216,4.361311,19.021032,0.05493411,0.0,1.0,195.39381,9.8,11.0,4.0,blue,4.456693
15.671384,9.862426,97.26744,-0.7095798,1.0,0.0,169.60106,4.1,5.0,1.0,gray,5.0753927
11.740586,18.861258,355.74704,-1.2585049,1.0,0.0,155.95761,2.4,1.0,8.0,blue,4.8432975
15.059608,18.306295,335.12045,-0.21701705,1.0,1.0,168.6582,3.8,6.0,4.0,white,4.9452696
16.883137,7.7145185,59.513798,-0.3084828,0.0,0.0,175.19359,2.0,11.0,6.0,white,5.0324063
9.056711,6.98894,48.84528,2.4267166,1.0,0.0,186.73364,23.2,5.0,3.0,black,3.541675
12.40621,12.343871,152.37115,0.43295982,1.0,0.0,164.10547,5.1,8.0,6.0,black,4.1838355
15.154144,5.008073,25.080793,-1.3776175,1.0,0.0,154.17572,2.8,9.0,9.0,gray,3.80459
13.593909,11.50896,132.45616,-0.564774,1.0,0.0,178.16837,5.9,8.0,9.0,blue,4.2483873
14.742291,13.830401,191.28,1.0213833,1.0,0.0,156.19402,3.9,8.0,3.0,black,4.971614
12.792029,16.134666,260.32745,2.0884428,1.0,1.0,165.63844,13.6,12.0,3.0,white,5.4785824
14.17318,9.499229,90.23536,-1.5859833,0.0,0.0,167.4238,35.5,3.0,4.0,black,4.328021
13.688645,8.981631,80.6697,-1.8799244,1.0,0.0,169.30367,5.8,4.0,7.0,other,3.1361728
16.335564,5.610087,31.473076,1.8709651,0.0,0.0,176.89165,19.7,11.0,3.0,gray,4.7539744
14.5088415,5.865598,34.405243,0.38961416,1.0,0.0,163.16365,8.3,4.0,8.0,white,4.0180564
14.675205,8.867605,78.63442,-0.86829275,0.0,0.0,167.26271,1.7,11.0,8.0,black,4.2965093
13.176246,11.836827,140.11047,0.5346291,1.0,1.0,169.8573,11.7,5.0,6.0,black,5.2555804
13.024788,14.567924,212.2244,-2.6357477,1.0,1.0,171.49599,7.2,9.0,4.0,blue,3.4251628
13.134884,5.984105,35.809513,0.0033755065,0.0,0.0,170.97827,10.5,12.0,5.0,black,4.115606
14.788904,17.463444,304.97186,0.32782117,0.0,0.0,174.36006,22.0,9.0,2.0,blue,5.519631
13.158031,8.6443815,74.725334,0.92427015,1.0,0.0,178.4384,5.8,10.0,6.0,blue,4.1987715
14.57955,9.893164,97.87469,-1.013896,1.0,0.0,173.92635,23.1,12.0,3.0,black,4.359381
18.1508,6.263942,39.236965,0.08568716,0.0,0.0,174.53586,13.9,1.0,6.0,black,5.0108705
15.7422495,2.1212013,4.499495,-0.92542464,0.0,0.0,154.17776,6.7,8.0,5.0,white,4.381146
13.347953,14.420227,207.94295,0.25538376,1.0,1.0,170.50227,9.2,1.0,2.0,black,4.6590734
16.402428,13.684219,187.25786,-0.89534634,0.0,0.0,174.79507,3.9,2.0,5.0,black,5.203856
13.183849,8.593362,73.84587,-0.40810084,0.0,0.0,177.28941,41.1,7.0,5.0,gray,3.5447803
9.923751,10.334953,106.81126,-0.9958154,0.0,0.0,163.07649,11.0,8.0,9.0,other,3.571239
11.983828,12.579696,158.24875,0.6511362,0.0,0.0,163.4096,0.4,1.0,8.0,blue,4.7051773
10.258416,2.1872706,4.784153,0.8584511,0.0,0.0,164.25899,4.0,3.0,7.0,black,4.146675
13.296973,7.354737,54.09215,-0.23462057,0.0,0.0,175.36414,9.8,7.0,3.0,gray,5.069559
14.036837,13.971323,195.19786,0.038237996,0.0,0.0,180.3388,0.6,9.0,4.0,other,4.562654
17.352875,3.7285528,13.902106,-1.4485915,0.0,0.0,165.9254,0.2,8.0,6.0,white,5.190335
14.653854,11.46779,131.5102,-0.29967666,0.0,0.0,179.07962,6.0,8.0,3.0,gray,4.350204
13.561799,3.217091,10.349675,-0.050204616,0.0,0.0,171.2348,4.0,9.0,9.0,blue,4.868718
15.658812,12.3321495,152.08191,2.620793,0.0,0.0,168.75714,5.8,10.0,8.0,blue,6.0006003
9.577729,9.821793,96.46761,-1.111967,1.0,0.0,167.88615,3.0,3.0,6.0,black,2.8947783
14.47123,1.924341,3.703088,1.4641773,0.0,1.0,177.46611,1.8,8.0,4.0,gray,5.152006
15.54173,15.823697,250.38939,0.9968588,0.0,0.0,173.25578,11.7,1.0,7.0,gray,5.2538886
11.042828,6.327042,40.031464,0.2806364,0.0,0.0,192.75826,7.2,8.0,3.0,other,4.3789663
16.287508,5.9487376,35.387478,1.7586205,0.0,0.0,161.47775,2.2,7.0,8.0,black,5.0926824
14.676992,11.002846,121.062614,0.37210548,1.0,0.0,175.18102,3.9,8.0,1.0,black,4.3800597
13.169424,15.743187,247.84793,0.3891592,1.0,0.0,164.708,9.0,1.0,3.0,blue,5.1539936
15.265564,4.920891,24.215166,-0.053120654,1.0,0.0,161.30713,0.7,6.0,5.0,gray,4.198232
18.541386,10.308399,106.26309,1.2235689,1.0,0.0,169.89133,1.6,7.0,5.0,white,5.7125525
14.363732,12.144082,147.47873,1.0964693,1.0,0.0,171.37352,0.8,11.0,2.0,black,4.597168
14.496441,13.4655285,181.32047,-0.6256773,0.0,1.0,199.18173,16.7,5.0,8.0,black,5.8279896
13.081278,10.882208,118.42245,-1.3192472,0.0,0.0,168.15854,14.0,5.0,5.0,blue,3.8277228
12.300311,8.164861,66.66495,-0.20298064,0.0,1.0,158.69821,14.0,7.0,7.0,blue,4.2604566
15.660671,5.862049,34.36362,-0.8000386,0.0,0.0,172.7301,12.6,11.0,7.0,white,5.2287087
12.287832,10.430719,108.799904,-0.063524574,0.0,0.0,149.2536,11.1,3.0,5.0,blue,4.121864
14.143132,4.639305,21.523151,1.2374381,1.0,1.0,169.08043,6.5,6.0,8.0,white,5.538202
13.044685,4.6067524,21.222168,-0.45730165,0.0,0.0,170.16025,10.3,7.0,9.0,gray,4.543481
14.957959,12.182799,148.4206,-0.04282338,1.0,0.0,177.946,0.4,1.0,4.0,white,4.4382105
14.667324,14.519674,210.82094,0.058022734,1.0,0.0,179.73622,9.7,12.0,4.0,blue,3.6683173
16.075079,1.8146622,3.292999,0.8484309,0.0,0.0,164.96431,15.0,2.0,8.0,white,4.719297
12.979967,4.9513464,24.515831,-2.2468894,0.0,0.0,168.49387,6.9,12.0,1.0,black,3.7086535
13.46025,13.095771,171.4992,-0.6067003,0.0,0.0,162.33879,4.4,4.0,4.0,blue,5.065218
12.042473,20.287477,411.58176,0.2112837,0.0,1.0,158.71938,3.2,8.0,6.0,black,5.8090825
13.111414,10.103969,102.09018,1.200079,0.0,0.0,173.09895,10.3,11.0,4.0,blue,4.428386
14.754601,6.3599854,40.449413,-0.49190244,0.0,1.0,157.26414,11.8,10.0,6.0,blue,5.1819544
15.513977,9.085518,82.54664,-1.8765527,0.0,1.0,165.85373,20.5,6.0,5.0,black,5.053244
12.155669,16.874382,284.74478,0.61971146,0.0,0.0,160.04826,4.2,1.0,9.0,other,5.242703
15.739212,6.7701793,45.835327,-0.6353624,1.0,0.0,175.49683,14.7,10.0,9.0,black,4.511761
16.711275,6.00404,36.048492,-1.1896666,1.0,1.0,188.0143,8.2,5.0,4.0,white,3.6122196
14.82687,7.5862823,57.551678,-0.62434536,1.0,1.0,156.98412,21.4,7.0,4.0,other,4.4378576
17.753592,5.233357,27.388025,-0.18452536,0.0,0.0,151.46982,7.5,6.0,8.0,black,4.3256674
12.452421,10.613352,112.643234,-0.6047447,0.0,0.0,168.75113,7.3,12.0,4.0,gray,4.139532
11.510691,18.123392,328.45734,-2.2055662,1.0,0.0,170.15698,8.6,9.0,2.0,black,4.12416
10.442559,11.6153965,134.91743,0.8970662,0.0,0.0,172.1866,13.8,8.0,2.0,black,4.5052323
16.992088,8.738233,76.35671,1.274875,0.0,0.0,165.53679,33.4,4.0,1.0,blue,5.889515
15.308731,8.540944,72.94772,0.651522,1.0,0.0,167.9936,0.8,11.0,5.0,other,4.769576
13.88883,2.184046,4.770057,-1.1376857,1.0,0.0,173.67511,0.5,12.0,6.0,black,2.9760127
14.5599375,14.415549,207.80806,-0.20149153,0.0,0.0,180.40431,27.7,5.0,9.0,gray,3.5303187
11.749022,9.610814,92.367744,-0.0065213153,0.0,0.0,150.44951,7.5,7.0,5.0,blue,4.3194084
18.891504,9.0976,82.76633,0.5987944,0.0,0.0,166.31061,9.5,8.0,6.0,white,5.339551
14.258442,25.965538,674.20917,0.6683405,0.0,0.0,172.13809,6.6,5.0,6.0,black,4.701102
14.21879,11.493765,132.10663,-0.7341738,0.0,0.0,160.82024,1.0,9.0,3.0,gray,3.6564803
15.451533,6.2410445,38.950638,0.081995554,0.0,0.0,187.31169,14.6,10.0,4.0,gray,4.3063693
14.962018,7.868212,61.908764,0.4572804,0.0,0.0,163.6459,13.8,12.0,1.0,gray,4.6715612
14.447768,15.7422285,247.81776,1.4558223,1.0,0.0,169.58707,3.7,4.0,4.0,other,5.2607756
12.419051,10.566352,111.64779,0.7045065,1.0,1.0,175.56023,3.7,4.0,1.0,white,4.705633
14.942937,2.8086102,7.8882914,0.78905666,1.0,0.0,164.08716,18.2,8.0,5.0,black,5.103367
17.76405,14.596145,213.04744,0.08382663,0.0,0.0,151.53427,0.8,1.0,8.0,blue,4.8304834
16.69084,6.6592793,44.346,1.4104592,0.0,0.0,165.71346,21.3,8.0,8.0,blue,5.651981
17.186373,19.36649,375.0609,0.4097628,0.0,1.0,180.2944,3.0,5.0,5.0,blue,5.8409743
12.977569,15.40024,237.16739,-0.8610879,0.0,0.0,166.63104,9.0,11.0,2.0,blue,4.765545
12.02079,7.7633905,60.270233,1.40337,0.0,0.0,161.53566,27.5,1.0,6.0,blue,4.341237
13.748426,16.405083,269.12674,0.6979033,1.0,0.0,179.25673,11.3,4.0,1.0,blue,5.1877575
14.11145,10.339277,106.90066,-0.443044,1.0,0.0,166.69225,5.4,2.0,7.0,other,4.3670244
16.188383,14.263868,203.45795,-0.47949296,0.0,0.0,164.89839,11.7,4.0,4.0,black,4.621036
10.61507,12.423664,154.34743,0.29657555,0.0,0.0,171.49457,4.2,8.0,5.0,other,4.251465
17.059101,5.7682166,33.272324,0.4631848,1.0,0.0,177.7075,3.2,5.0,6.0,blue,4.567704
13.683984,6.782251,45.998928,0.19729227,0.0,0.0,193.81714,57.1,1.0,1.0,gray,4.7074466
13.146238,15.149804,229.51657,0.31130868,0.0,0.0,178.27235,13.9,7.0,9.0,white,4.139346
11.975791,8.326123,69.324326,1.6999574,0.0,0.0,181.5984,10.3,1.0,4.0,blue,4.636925
10.690287,7.9817576,63.708454,1.0715431,1.0,1.0,164.94034,4.4,9.0,8.0,blue,4.53428
15.646341,5.224387,27.294222,0.19063559,1.0,0.0,159.74132,0.5,3.0,5.0,blue,4.3972907
14.146636,12.117995,146.84581,0.9413106,0.0,1.0,170.6233,0.3,12.0,8.0,blue,5.9610276
11.420078,20.312624,412.6027,-1.0325239,1.0,0.0,171.0717,8.1,3.0,1.0,other,4.348047
11.4098425,4.6623354,21.737371,0.39792705,1.0,0.0,159.21487,14.4,6.0,8.0,white,3.7652204
13.32843,10.121098,102.436615,1.8093064,0.0,0.0,168.24706,7.7,10.0,4.0,black,5.0647655
17.338043,17.061102,291.0812,-0.21804589,0.0,1.0,173.99318,18.4,6.0,2.0,black,5.7766123
13.480817,9.601793,92.194435,-0.84763396,0.0,0.0,173.60393,0.3,11.0,6.0,blue,4.4957767
10.993714,12.261859,150.35318,-0.6520889,1.0,0.0,175.04288,4.6,11.0,2.0,black,2.858565
13.508513,4.688032,21.977646,-1.089633,0.0,0.0,172.90965,2.7,6.0,5.0,gray,3.86241
13.454553,12.141536,147.41689,-0.7847619,1.0,0.0,164.92992,5.9,1.0,2.0,black,3.360848
8.606227,9.064279,82.16115,-0.3705081,0.0,0.0,164.861,0.8,5.0,3.0,blue,4.299143
13.89141,14.92865,222.8646,-1.405567,1.0,0.0,158.01048,30.8,12.0,6.0,black,4.0747495
13.538131,15.936931,253.98576,0.015618334,0.0,0.0,187.84775,2.5,6.0,1.0,blue,4.640184
15.392413,22.947819,526.60236,0.9022772,1.0,0.0,170.1345,25.6,8.0,6.0,gray,5.5330963
17.697912,12.898166,166.36267,-0.9077562,1.0,0.0,167.75146,5.5,1.0,3.0,blue,4.9464374
16.25313,11.628982,135.23322,1.5192839,1.0,0.0,160.71208,42.4,5.0,7.0,other,4.515979
13.462223,10.971922,120.38307,0.5107921,1.0,0.0,199.35658,8.1,3.0,2.0,white,4.3495107
11.786948,8.234169,67.80154,1.0305806,0.0,0.0,159.26672,26.7,2.0,6.0,blue,4.284353
19.146719,11.692419,136.71266,-0.65783453,1.0,0.0,165.71152,0.1,11.0,8.0,black,4.1001153
14.118437,8.522993,72.64141,0.8545252,0.0,0.0,174.15837,13.8,8.0,1.0,white,4.424997
14.027859,10.842305,117.55558,-1.0919338,0.0,1.0,176.00214,23.3,7.0,9.0,other,4.622408
13.95175,16.587988,275.16135,0.8902475,0.0,1.0,179.57932,1.5,10.0,5.0,white,5.3279667
14.39617,4.967287,24.67394,0.17183934,0.0,1.0,188.07608,1.0,7.0,5.0,black,4.084633
13.711279,15.699393,246.47095,0.5532512,0.0,0.0,175.06157,5.5,5.0,5.0,other,5.4663305
12.852676,16.585575,275.0813,-1.1755946,1.0,0.0,159.4397,27.1,12.0,6.0,black,4.0030046
12.906282,9.4096575,88.54166,-0.89506984,0.0,0.0,167.43054,7.8,9.0,2.0,gray,4.2069893
13.934493,0.6092745,0.37121543,0.5972282,1.0,0.0,173.07832,7.5,5.0,6.0,other,4.1759872
12.913151,6.9608903,48.453995,-0.948348,0.0,0.0,190.68227,1.5,2.0,4.0,black,3.6750474
12.574308,16.484972,271.7543,0.4632063,0.0,0.0,156.02194,0.0,3.0,8.0,other,4.9474697
14.21286,9.885659,97.72626,-1.3671378,0.0,1.0,182.02577,16.6,4.0,9.0,blue,4.4520206
13.490046,5.003489,25.034903,0.8481742,1.0,1.0,171.79915,0.9,5.0,9.0,other,4.1124325
17.007986,7.4761252,55.89245,-1.2325233,1.0,0.0,178.37831,10.0,3.0,8.0,black,4.6224656
8.69806,14.2031,201.72806,0.5522999,1.0,0.0,168.98006,24.6,12.0,3.0,other,4.5390787
16.183014,12.733667,162.14629,0.6256309,1.0,0.0,161.57567,2.3,7.0,4.0,black,5.2481484
16.49217,8.80534,77.53401,-0.6967718,0.0,0.0,177.50873,10.9,5.0,1.0,gray,5.2119074
9.85322,8.165878,66.68157,0.58202654,0.0,0.0,176.54431,0.8,5.0,9.0,blue,3.7864451
13.314625,8.041209,64.66105,0.26044226,1.0,0.0,179.72057,9.3,6.0,5.0,blue,3.3813057
13.257118,5.387949,29.029995,-0.53884184,0.0,0.0,169.86696,1.8,7.0,6.0,black,4.893173
11.184977,18.076878,326.7735,-1.0085547,0.0,0.0,164.00179,13.3,10.0,3.0,gray,5.2107043
12.444366,8.388397,70.36521,-1.9626257,0.0,0.0,154.41212,3.6,10.0,8.0,black,4.5803404
11.778849,16.085793,258.75272,0.34965006,1.0,0.0,178.19373,6.2,8.0,7.0,gray,4.0927415
17.504541,17.60658,309.9917,-1.5648028,1.0,0.0,174.23889,9.1,9.0,1.0,black,4.1035666
15.871357,14.991554,224.7467,0.0953442,0.0,1.0,160.34218,1.9,11.0,5.0,other,4.8964453
16.54311,7.8418984,61.495373,-0.2634482,0.0,0.0,164.61426,13.5,4.0,9.0,black,3.9827564
15.443344,12.01865,144.44795,0.6791428,1.0,0.0,165.33241,3.6,5.0,6.0,black,4.7092686
11.741897,9.879022,97.59507,-0.3020455,1.0,0.0,155.17015,10.9,5.0,8.0,black,4.6837583
12.950959,5.4814906,30.04674,-0.32944778,0.0,0.0,161.82318,1.7,8.0,1.0,blue,4.088293
14.978749,11.621797,135.06616,0.7318707,1.0,1.0,158.6617,11.7,9.0,7.0,black,5.1931834
11.555744,4.104801,16.849392,0.33505803,0.0,0.0,165.87521,1.4,7.0,3.0,blue,4.7343636
15.425997,15.938397,254.03252,0.31615597,0.0,0.0,162.61302,5.5,5.0,9.0,white,4.8931623
13.519349,7.6769137,58.935005,0.46926758,1.0,0.0,153.72995,2.8,3.0,6.0,gray,5.2646646
13.250359,11.005798,121.127594,-1.5355722,1.0,1.0,190.2259,13.8,1.0,5.0,gray,5.188928
15.42192,11.416439,130.33508,0.7567887,0.0,0.0,182.5254,3.0,11.0,8.0,black,4.9915805
14.888527,8.705475,75.78529,0.6124688,1.0,0.0,162.20981,21.3,9.0,8.0,gray,4.244172
13.278068,12.933469,167.27461,-1.0166831,1.0,0.0,172.72421,22.2,5.0,3.0,black,4.3948917
16.318659,7.6254816,58.14797,-0.24408047,1.0,0.0,174.17465,2.2,9.0,2.0,white,4.3123975
11.837873,14.356486,206.1087,-0.03930729,1.0,0.0,181.91086,9.5,10.0,2.0,black,3.5428572
15.231872,3.2701015,10.693564,-0.13449678,1.0,0.0,161.81395,0.9,12.0,5.0,blue,4.777288
15.186202,10.631898,113.037254,0.33385998,0.0,0.0,180.92107,5.0,4.0,7.0,blue,5.4944954
13.380907,19.694645,387.87903,1.4313668,0.0,1.0,164.52095,12.5,5.0,8.0,white,5.5865335
14.6522665,4.9983435,24.983437,1.0817667,0.0,0.0,156.64137,10.8,4.0,8.0,black,4.111766
11.497773,6.611275,43.70896,-1.3122191,0.0,0.0,177.24136,9.8,2.0,8.0,gray,3.1348157
15.848054,12.569539,157.99332,0.62207,1.0,0.0,182.90758,3.3,12.0,3.0,black,4.8825192
13.630196,10.897909,118.76443,1.3289334,0.0,0.0,195.87909,4.7,1.0,2.0,gray,4.661937
12.954554,11.753151,138.13655,0.3868085,0.0,0.0,158.00275,1.1,8.0,4.0,other,4.4363914
16.098019,12.445935,154.9013,1.0909804,0.0,0.0,176.9892,12.7,4.0,1.0,blue,5.790284
12.591312,13.173607,173.54391,2.0122705,0.0,0.0,165.902,7.0,5.0,3.0,blue,5.3752265
11.183078,15.548499,241.75583,1.0237095,0.0,0.0,177.83359,12.3,6.0,9.0,other,5.3136144
10.886742,12.049093,145.18065,0.2493086,1.0,0.0,155.2951,2.9,8.0,7.0,blue,3.4777923
15.21202,8.793712,77.32937,1.0450885,0.0,0.0,157.3723,3.9,11.0,7.0,blue,4.821773
11.439141,13.362868,178.56625,0.14488783,1.0,0.0,162.24126,4.1,8.0,1.0,gray,4.4547896
17.509588,19.499409,380.22693,0.023903044,1.0,0.0,170.78964,0.3,7.0,7.0,gray,5.3461905
9.836142,9.336831,87.176414,-0.35141423,0.0,0.0,163.58919,4.2,4.0,7.0,black,4.6267915
17.392912,5.1273537,26.289755,1.5634134,0.0,1.0,176.59055,16.3,6.0,4.0,white,5.8414097
14.422035,15.535403,241.34875,-0.8184287,0.0,1.0,180.26895,22.8,4.0,7.0,blue,5.923528
13.806574,9.398094,88.32417,1.5323677,1.0,0.0,175.99577,7.3,7.0,8.0,black,4.8996487
12.910162,0.8633477,0.74536926,0.49986413,1.0,0.0,186.18788,6.1,12.0,3.0,white,4.34363
14.798272,14.237108,202.69525,-1.3993062,0.0,0.0,174.15826,0.3,12.0,2.0,blue,4.3596883
13.92473,7.323359,53.631588,0.3676493,0.0,1.0,157.83104,21.1,11.0,7.0,black,4.9235353
16.206604,9.547334,91.15158,-2.1000266,1.0,0.0,183.63376,0.1,1.0,5.0,gray,4.543144
14.228456,11.659902,135.95331,0.625508,0.0,0.0,163.94844,29.0,5.0,5.0,white,5.660775
14.300604,10.952498,119.95722,0.8852315,0.0,0.0,179.10419,6.7,10.0,5.0,white,5.268209
13.272776,13.547259,183.52823,-0.59235597,1.0,1.0,185.73734,4.2,12.0,7.0,other,4.4805484
13.886108,7.822568,61.19257,0.123547696,1.0,0.0,174.56688,25.8,10.0,9.0,white,4.910632
14.615603,12.565529,157.89252,1.9541575,1.0,0.0,155.0384,0.2,4.0,8.0,black,3.8809295
10.579663,8.702267,75.72945,-0.5057467,1.0,0.0,160.81787,8.7,11.0,6.0,blue,2.8958023
11.303629,13.694053,187.52708,-1.0589076,1.0,0.0,183.22745,8.0,7.0,7.0,white,4.10575
15.486528,13.076838,171.00368,1.4816633,0.0,0.0,168.30878,2.5,9.0,9.0,blue,5.314056
14.341731,5.3228064,28.332268,1.9625872,1.0,0.0,170.79573,5.6,5.0,6.0,gray,4.935699
13.632033,15.429911,238.08214,0.003695672,1.0,0.0,177.58824,10.6,4.0,1.0,gray,4.4656453
14.036868,7.320183,53.585075,1.011463,1.0,0.0,176.96323,13.0,9.0,4.0,blue,4.7294946
14.695164,14.040289,197.12971,1.341476,0.0,0.0,172.788,0.0,5.0,8.0,other,4.77773
12.920481,11.836436,140.10123,-0.7424842,0.0,0.0,167.91331,27.6,9.0,7.0,blue,4.6077785
12.443391,19.190918,368.29132,-0.48530585,0.0,0.0,166.87332,1.8,8.0,3.0,blue,5.025553
14.39169,8.88267,78.90183,1.2308745,0.0,0.0,178.579,2.7,4.0,3.0,other,5.530806
12.043255,8.253416,68.11887,1.6850142,0.0,0.0,175.53569,3.1,11.0,3.0,blue,5.6616054
14.816505,9.902902,98.06746,0.5628809,1.0,0.0,167.427,0.4,11.0,1.0,black,4.681352
10.594832,8.484101,71.97997,-0.8798143,1.0,0.0,180.82112,1.3,7.0,1.0,blue,3.643293
16.058311,13.999709,195.99185,1.9870611,0.0,0.0,168.70966,42.9,5.0,6.0,white,4.787916
14.945195,1.9184469,3.6804385,-0.5309709,1.0,1.0,161.48338,3.8,10.0,1.0,white,4.0047574
14.512059,4.731588,22.387924,-0.33513778,0.0,0.0,162.4103,1.2,4.0,5.0,white,4.2579913
15.965382,4.6609855,21.724785,0.34233785,0.0,0.0,160.21259,1.1,5.0,4.0,gray,5.2634864
17.33095,14.751538,217.60788,1.5541605,0.0,0.0,167.2759,12.7,5.0,5.0,black,5.350167
16.02874,18.553066,344.21628,0.85397595,0.0,0.0,182.33725,19.3,11.0,7.0,white,5.7849426
10.318252,9.477754,89.82781,0.4148655,0.0,1.0,161.94905,3.0,9.0,6.0,white,4.4794807
11.440846,9.155891,83.830345,0.46328852,0.0,1.0,171.88475,0.2,12.0,9.0,black,4.5588884
12.750362,10.350261,107.1279,0.04351467,0.0,0.0,163.4331,2.5,9.0,6.0,black,4.5617676
14.052182,15.809392,249.93687,0.5581395,1.0,0.0,167.39691,0.6,6.0,9.0,other,4.4504104
15.035318,5.3632345,28.764284,-2.52956,0.0,0.0,154.89958,1.1,4.0,4.0,white,3.7014189
12.548512,11.191845,125.25739,-0.29660746,1.0,0.0,167.79462,5.6,2.0,1.0,white,3.2019851
14.373533,14.875988,221.29501,0.24132194,1.0,0.0,168.06294,2.6,3.0,1.0,white,4.463648
12.489234,12.505471,156.38681,-1.1510141,1.0,0.0,175.40288,7.3,2.0,7.0,blue,3.639589
12.776964,10.947908,119.8567,0.3863233,1.0,0.0,172.2328,2.9,5.0,3.0,gray,3.9921525
11.186678,15.005231,225.15695,-0.20447122,0.0,0.0,158.01608,28.2,6.0,2.0,blue,4.5104775
12.153534,3.5161614,12.363391,1.7554756,0.0,1.0,180.84198,23.6,11.0,6.0,black,5.139821
11.296631,13.389377,179.2754,1.5730197,1.0,0.0,172.10303,8.4,5.0,6.0,gray,4.5279336
12.048253,6.7296214,45.287804,-0.46580556,0.0,1.0,171.98393,4.4,2.0,7.0,blue,4.896984
16.107285,0.8468355,0.71713036,-0.1508377,1.0,0.0,169.90817,4.8,12.0,5.0,gray,4.4162574
12.101202,12.556013,157.65346,-0.073947564,1.0,0.0,164.82242,5.3,5.0,8.0,blue,3.9448724
19.264765,16.868292,284.53928,-0.45165947,1.0,0.0,172.17802,13.0,9.0,7.0,blue,4.9729295
14.986636,9.3127575,86.727455,0.19502498,1.0,0.0,174.75589,6.0,4.0,2.0,black,4.6252003
14.369672,14.764373,217.98671,-0.75828207,1.0,0.0,152.53104,19.4,12.0,1.0,black,4.6206393
12.283284,18.061392,326.21387,-1.1306154,1.0,0.0,164.6124,28.8,10.0,9.0,black,4.7162304
15.4006195,16.574572,274.71643,0.62271124,0.0,1.0,167.45053,4.1,2.0,5.0,black,6.131115
12.848724,18.199823,331.23358,0.6295296,1.0,0.0,172.5617,8.2,3.0,5.0,other,4.27471
14.2440195,13.710637,187.98157,-0.80431575,0.0,0.0,181.9331,1.0,3.0,4.0,black,4.519178
19.120169,10.377169,107.68563,0.8953554,0.0,1.0,162.2826,2.2,9.0,2.0,black,6.2923174
13.80788,1.990171,3.9607804,-0.63157773,1.0,0.0,165.02039,5.3,4.0,5.0,gray,4.262736
16.298546,8.769688,76.907425,0.25316525,0.0,0.0,164.87466,2.3,1.0,2.0,gray,5.4268317
12.593647,5.783767,33.45196,0.82034403,0.0,0.0,161.98473,20.9,1.0,7.0,black,4.375768
13.930023,20.854713,434.91907,-0.033612564,0.0,1.0,166.52814,1.7,7.0,9.0,white,4.6204524
17.541601,9.120571,83.184814,0.4547409,1.0,1.0,177.70802,6.1,7.0,9.0,white,4.759506
12.746066,10.616024,112.69997,-0.51642966,0.0,1.0,159.46164,9.3,2.0,6.0,black,4.7933807
17.624897,12.757427,162.75195,-0.19646658,1.0,0.0,174.27814,11.8,9.0,1.0,black,5.0684247
15.4155035,10.218012,104.40777,-0.20585944,0.0,1.0,152.98097,4.8,9.0,6.0,other,4.5701933
12.875067,18.475256,341.33508,-0.74657834,1.0,0.0,164.38663,20.3,5.0,5.0,white,4.2340803
15.264815,6.886753,47.42737,-0.17677416,1.0,0.0,166.70511,8.4,3.0,4.0,gray,4.626919
15.945109,10.973038,120.407555,-1.5486183,0.0,0.0,186.7486,5.8,3.0,6.0,black,3.9669735
15.24362,6.2876472,39.534508,-0.49115375,0.0,0.0,167.25198,0.7,12.0,6.0,blue,5.053977
10.85955,3.3998876,11.559236,-0.28487548,0.0,1.0,147.98756,6.2,3.0,6.0,gray,3.9113822
12.545726,6.9411545,48.179626,-0.25617975,1.0,1.0,150.01111,17.2,6.0,2.0,black,4.86491
13.504963,9.814816,96.33062,-0.24149744,1.0,0.0,170.3403,9.5,4.0,7.0,blue,3.8912022
13.851133,7.853489,61.677288,-0.0617642,1.0,0.0,176.13771,17.8,8.0,4.0,gray,3.6584482
15.241344,6.537895,42.744072,0.47944152,0.0,0.0,173.75456,6.8,11.0,9.0,blue,4.526523
14.355402,2.9684126,8.811474,0.8745171,1.0,1.0,171.6757,1.3,11.0,2.0,white,4.5436587
11.329311,9.584472,91.8621,-0.64976525,1.0,0.0,181.62259,0.1,11.0,5.0,white,3.5259218
14.760396,2.4763982,6.1325483,-1.2032008,1.0,0.0,164.60408,3.6,5.0,4.0,blue,3.64771
15.221171,13.80028,190.44772,-1.0420444,1.0,0.0,178.94911,12.0,1.0,9.0,white,4.527216
15.119581,10.412199,108.41389,-0.4872029,0.0,0.0,153.67986,15.6,9.0,4.0,black,4.5768647
16.161562,2.7122426,7.35626,-0.35192132,0.0,0.0,160.95052,3.5,1.0,8.0,white,4.458576
15.667845,8.453955,71.46935,-0.76999605,1.0,1.0,151.92958,6.8,6.0,8.0,black,3.7888322
14.91836,6.2392178,38.927837,-1.2961167,1.0,0.0,167.25154,5.5,1.0,6.0,black,4.144999
13.859669,11.595873,134.46426,-0.45612082,1.0,0.0,169.53738,5.3,3.0,6.0,gray,4.181607
10.678078,16.702251,278.9652,0.18142661,0.0,0.0,171.14102,2.6,10.0,8.0,blue,5.175385
14.859237,0.62413764,0.3895478,0.5950295,0.0,0.0,170.61884,1.5,5.0,9.0,other,3.9449193
14.415376,10.57513,111.83338,-0.55742306,0.0,1.0,160.72447,2.2,10.0,5.0,blue,3.9914775
14.543158,9.199336,84.627785,-0.4129978,0.0,0.0,168.0976,0.6,7.0,1.0,black,4.854591
11.446503,13.3567,178.40143,-0.9266983,1.0,0.0,155.02553,2.2,10.0,1.0,blue,3.9815648
11.837887,11.065983,122.45598,-0.03143917,1.0,0.0,183.6323,0.1,8.0,2.0,blue,3.5051095
16.106306,6.2401533,38.939514,-0.8484286,0.0,0.0,166.96375,9.9,12.0,5.0,blue,3.774434
13.92089,8.404731,70.6395,0.5731278,0.0,0.0,165.11115,3.8,9.0,4.0,gray,5.4337583
15.363002,6.0198708,36.238846,-1.7858665,0.0,0.0,185.8894,36.2,6.0,1.0,white,4.889992
14.056637,15.380035,236.54549,-0.35962966,0.0,0.0,157.57753,2.2,11.0,4.0,white,3.461116
14.059512,10.106558,102.14251,0.30110735,1.0,0.0,158.74413,4.2,9.0,4.0,other,4.159343
15.876568,19.505953,380.4822,0.18383452,1.0,0.0,159.0378,4.4,8.0,4.0,black,5.7494144
12.967911,9.696696,94.02592,2.6930337,0.0,0.0,169.32129,0.1,9.0,1.0,gray,4.8681893
14.192242,6.4579663,41.70533,0.34980002,1.0,0.0,174.31631,18.3,10.0,9.0,blue,4.016753
13.075449,2.431428,5.911842,-1.0040545,1.0,0.0,177.39676,0.3,4.0,3.0,gray,3.4088979
13.131007,0.9843016,0.9688497,-0.095464244,1.0,1.0,195.71996,28.2,9.0,4.0,blue,3.493426
13.381656,2.0793202,4.3235726,-1.7762463,0.0,1.0,147.50568,22.3,7.0,5.0,other,3.1812348
14.444267,11.335633,128.49658,-0.08059975,1.0,0.0,176.08736,7.7,5.0,7.0,gray,4.9244056
13.042502,12.543625,157.34253,-0.83305603,0.0,0.0,164.4287,7.8,5.0,6.0,other,3.4219182
16.511513,2.0940466,4.385031,0.91539025,0.0,0.0,164.13585,10.6,1.0,5.0,white,4.950468
12.210786,14.475191,209.53116,-0.5495403,0.0,0.0,163.80228,4.9,2.0,8.0,other,4.796503
13.626257,7.584695,57.527596,-0.11676592,0.0,1.0,160.91231,10.4,10.0,1.0,white,4.036688
13.120538,10.733965,115.218,-0.63555783,0.0,0.0,186.84525,0.5,3.0,7.0,blue,3.8758771
16.893955,18.061104,326.20346,1.7388513,0.0,0.0,178.42297,0.6,8.0,6.0,black,6.332859
14.393109,14.484197,209.79195,-0.32124278,0.0,1.0,170.23196,6.1,6.0,5.0,blue,5.354361
16.063688,8.657347,74.94965,1.8325571,1.0,1.0,183.51016,8.0,12.0,7.0,black,5.0535407
11.028879,5.544039,30.736366,0.81415176,1.0,0.0,154.87471,21.9,10.0,3.0,blue,4.4609003
14.534101,0.759077,0.5761979,0.48206672,0.0,0.0,156.69295,1.1,11.0,1.0,blue,4.9488683
15.779262,6.4042335,41.014206,0.36873314,1.0,0.0,148.22032,17.3,5.0,9.0,blue,4.636838
14.164568,8.944348,80.001366,0.3937973,1.0,0.0,163.00586,2.4,1.0,2.0,other,3.929714
16.13096,5.064102,25.64513,-1.9276726,1.0,1.0,171.61699,5.0,12.0,3.0,other,4.059203
12.965423,9.343715,87.30501,-0.2788834,0.0,1.0,171.02858,3.8,11.0,8.0,black,4.8416038
16.818695,10.384259,107.83284,0.845158,1.0,0.0,171.49342,5.1,12.0,9.0,blue,4.8550186
18.597795,8.87572,78.778404,-0.048897184,1.0,0.0,155.88943,1.6,9.0,3.0,blue,5.4006886
13.2743225,6.749987,45.562325,-1.4051899,1.0,1.0,178.03154,7.0,3.0,6.0,blue,3.2844012
13.1089945,10.843273,117.57658,-0.052404452,0.0,0.0,172.39627,16.2,3.0,7.0,white,3.7391357
16.906769,12.209703,149.07686,1.7041055,0.0,0.0,177.33054,5.8,2.0,1.0,blue,5.6359825
17.159143,4.5480046,20.684345,1.2468917,1.0,0.0,151.07237,6.7,4.0,7.0,gray,4.5920177
12.95428,17.054663,290.8615,-0.06200401,0.0,0.0,173.11491,18.9,12.0,4.0,white,4.3465347
13.159626,9.507059,90.38417,0.9514493,0.0,0.0,158.12234,12.2,2.0,5.0,white,3.807817
13.436431,10.094248,101.89384,-0.36650702,0.0,0.0,166.02676,6.7,9.0,8.0,black,4.4373717
11.311099,13.541072,183.36063,-1.7038716,1.0,0.0,175.34364,3.0,12.0,4.0,gray,3.5734231
12.162696,11.16608,124.68135,-0.924466,1.0,0.0,170.91093,21.6,10.0,4.0,blue,4.1653113
11.991718,14.765683,218.0254,1.5628887,0.0,0.0,161.4846,8.6,7.0,8.0,black,4.8918486
12.464405,11.435621,130.77344,-0.27399307,1.0,0.0,170.06273,2.5,8.0,5.0,black,3.9902241
13.930631,6.9378133,48.133255,-0.24338397,0.0,0.0,154.68465,3.1,3.0,6.0,blue,4.985385
14.46843,11.807518,139.41748,-0.2998382,1.0,1.0,181.50267,16.3,6.0,5.0,blue,4.058104
17.101002,4.2813687,18.330118,1.9041365,1.0,0.0,167.94716,0.5,10.0,1.0,black,5.247931
12.003292,10.542799,111.15061,1.6259589,1.0,0.0,181.1855,48.4,6.0,7.0,gray,3.5928268
15.968645,9.83385,96.704605,2.2187803,1.0,0.0,164.73468,1.4,1.0,6.0,white,4.724138
13.572022,8.959415,80.271126,-0.1590452,0.0,1.0,164.76424,15.9,6.0,2.0,black,4.1970077
13.9010725,9.357312,87.55929,0.2956245,1.0,0.0,162.35814,5.0,3.0,7.0,black,4.7239175
15.349639,0.59075475,0.3489912,-1.5166426,0.0,0.0,178.76173,6.8,11.0,6.0,white,3.9256763
11.754556,7.2563753,52.654984,1.4769344,1.0,0.0,162.90569,21.3,3.0,5.0,black,4.2083926
14.764819,10.464225,109.5,-1.1677796,1.0,0.0,176.44595,5.3,3.0,8.0,other,3.5877645
14.332905,10.799282,116.6245,0.21677557,1.0,0.0,166.17548,7.7,10.0,5.0,gray,4.2856154
14.984902,4.8616242,23.63539,-1.0973026,0.0,0.0,150.24037,0.5,11.0,2.0,blue,3.859739
14.578338,16.328539,266.6212,-0.58886683,1.0,0.0,164.29686,0.0,11.0,6.0,black,4.6443524
18.9106,5.6691256,32.138985,-0.83726245,0.0,0.0,158.20892,2.8,10.0,1.0,black,4.439738
12.72452,14.847286,220.44191,-0.6078753,0.0,0.0,170.33902,11.4,11.0,5.0,black,5.092002
12.938006,12.135972,147.28181,-0.5391227,1.0,0.0,158.09592,1.3,8.0,6.0,black,3.2490065
12.753719,6.7688637,45.817516,-0.5482688,0.0,0.0,179.25975,1.2,5.0,7.0,gray,3.7330449
12.889046,18.876554,356.3243,0.8333339,1.0,0.0,169.08925,5.3,4.0,2.0,black,5.456559
12.725225,4.031816,16.25554,-1.1048628,0.0,0.0,168.22404,10.4,9.0,1.0,blue,3.6406524
16.378033,14.595771,213.03653,0.22054143,0.0,0.0,176.55891,12.5,9.0,6.0,gray,4.517111
16.84101,15.002912,225.08736,1.2179592,1.0,0.0,179.63907,2.0,1.0,3.0,black,5.315264
12.858507,6.6468987,44.181263,-0.51319635,0.0,1.0,169.79901,0.8,2.0,5.0,black,4.267413
12.335289,16.962326,287.72052,-0.7179189,0.0,1.0,162.288,28.2,8.0,2.0,black,4.332897
14.942831,8.749767,76.558426,-0.23052463,1.0,0.0,152.2603,3.0,5.0,1.0,black,3.7842855
12.895554,11.443468,130.95296,1.1797252,0.0,0.0,163.1395,19.2,7.0,1.0,gray,6.1691065
15.265863,11.301609,127.726364,0.19410764,1.0,0.0,163.82788,19.9,1.0,4.0,blue,4.463001
14.405846,9.328456,87.02009,-0.5312143,0.0,1.0,171.07057,14.8,12.0,2.0,white,3.8879771
10.968512,14.054041,197.51607,0.48387665,1.0,0.0,166.54854,1.8,10.0,1.0,blue,4.858827
17.09501,13.967443,195.08948,-1.1022922,1.0,0.0,176.87933,17.2,12.0,6.0,blue,4.937171
17.591755,1.2573402,1.5809044,0.6813595,1.0,0.0,163.87016,14.7,5.0,4.0,blue,4.19973
12.774423,16.521702,272.96664,0.4086073,0.0,0.0,169.4296,9.1,11.0,7.0,gray,4.270091
13.224597,1.68754,2.8477914,-0.30780846,1.0,1.0,181.83987,4.1,12.0,6.0,black,4.391879
14.571731,15.162731,229.90842,-0.8385858,1.0,0.0,173.41826,3.0,3.0,5.0,black,4.232509
14.668914,15.633526,244.40714,-0.8866809,1.0,0.0,169.39963,1.3,10.0,2.0,gray,3.4092827
15.317088,4.545168,20.658552,0.53481734,0.0,1.0,163.98056,7.1,12.0,5.0,blue,5.926939
18.020409,7.9459286,63.13778,1.2289805,1.0,0.0,163.66768,8.8,12.0,9.0,blue,4.9069285
13.646106,4.4714766,19.994102,-0.63730776,1.0,0.0,161.49387,4.5,2.0,9.0,gray,4.583669
12.403405,8.925395,79.662674,0.4583867,0.0,0.0,164.58994,6.5,2.0,2.0,blue,5.070186
11.241362,8.459828,71.568695,-2.087027,0.0,1.0,177.55666,4.5,9.0,7.0,gray,3.4499643
12.53814,13.898303,193.16283,-0.58461773,1.0,0.0,167.78111,10.2,4.0,4.0,blue,4.5918965
13.933746,16.551544,273.9536,-0.031058934,0.0,0.0,156.50227,23.2,4.0,3.0,gray,4.475715
17.589115,16.978418,288.2667,-0.9096834,1.0,0.0,187.68169,1.8,7.0,1.0,gray,3.908035
12.964777,7.18916,51.68402,-0.9365064,1.0,0.0,173.19965,4.8,10.0,3.0,blue,3.5779567
14.447576,8.953891,80.17216,-0.66777956,1.0,0.0,155.93057,1.5,10.0,9.0,gray,4.356071
13.9671545,1.5828091,2.5052845,0.29219273,0.0,0.0,165.58151,9.8,2.0,9.0,white,4.029216
16.376787,5.9706497,35.64866,-0.18732902,0.0,0.0,171.10886,13.1,3.0,7.0,blue,4.578752
19.053865,14.824258,219.75862,-2.2382312,1.0,1.0,187.04591,26.9,3.0,3.0,blue,5.5900016
12.938262,18.077913,326.81094,-2.1207001,0.0,0.0,158.91887,3.3,6.0,3.0,white,4.221675
13.021121,3.8282557,14.655541,-0.60686517,1.0,0.0,179.7604,30.0,3.0,4.0,gray,3.2948427
16.088322,7.0376787,49.528923,0.45768657,0.0,0.0,183.99486,0.7,11.0,7.0,black,5.2514167
15.363783,9.867971,97.37686,-2.747505,0.0,0.0,163.71346,9.2,5.0,7.0,white,4.2112303
17.693415,11.400805,129.97836,-0.49973017,0.0,1.0,167.22487,0.6,4.0,2.0,black,4.172347
15.167856,5.9519825,35.426094,-0.52624786,0.0,0.0,159.6369,22.4,3.0,5.0,gray,4.6794863
13.281416,12.120305,146.9018,1.3883377,1.0,0.0,167.9654,7.5,8.0,7.0,white,4.8155274
15.18131,7.630803,58.229156,-0.3850218,0.0,0.0,169.6341,11.1,10.0,7.0,other,4.5906215
16.217407,9.927738,98.55998,0.382989,0.0,0.0,176.5965,17.8,3.0,6.0,black,5.4713135
15.6409645,12.731421,162.0891,0.14125714,0.0,0.0,180.90184,1.6,6.0,8.0,gray,4.647058
15.014548,10.032111,100.64326,-2.1305666,0.0,0.0,162.51904,0.4,7.0,3.0,blue,4.3890743
16.133348,7.8180704,61.122227,0.7682072,0.0,0.0,150.32675,21.1,7.0,1.0,blue,4.2365365
16.33859,9.451951,89.33938,0.21539651,1.0,0.0,169.78755,3.8,2.0,3.0,black,4.8859606
16.764318,9.558186,91.35891,0.50826865,0.0,0.0,172.93538,1.4,3.0,2.0,gray,6.100377
15.29742,8.149945,66.42161,3.9262378,0.0,0.0,172.49417,6.3,12.0,2.0,blue,5.2013187
13.665764,8.706019,75.79478,-2.084113,0.0,1.0,166.73326,9.1,10.0,2.0,black,3.9455023
14.293427,17.993237,323.75656,1.7246966,1.0,0.0,171.24753,0.3,10.0,5.0,gray,4.676018
16.413017,12.804597,163.9577,-0.2874475,0.0,0.0,185.15445,3.2,4.0,1.0,gray,5.059408
12.366129,8.522598,72.63468,0.2873289,0.0,0.0,173.81734,0.3,7.0,4.0,white,3.8339546
14.737347,13.484772,181.83907,-0.045512244,1.0,0.0,166.26631,5.5,2.0,5.0,other,4.7370944
13.213323,8.330902,69.40393,-0.42423633,1.0,0.0,164.99802,22.5,3.0,2.0,blue,4.429809
14.057489,15.865623,251.718,-0.5698329,0.0,1.0,168.30148,40.5,7.0,5.0,other,5.283558
16.556904,11.848211,140.38011,0.32950872,0.0,0.0,186.3674,10.1,7.0,4.0,white,4.252218
14.382198,9.46349,89.55763,-1.5171736,1.0,1.0,168.16699,1.8,10.0,8.0,black,4.8038716
14.092873,12.2385845,149.78294,0.7505792,0.0,0.0,169.80206,23.6,3.0,1.0,black,5.354791
11.280288,2.1456192,4.6036816,-0.4161944,1.0,0.0,165.17686,7.3,12.0,5.0,blue,3.8272092
15.492507,4.366163,19.063377,-1.1300694,1.0,1.0,180.98984,1.7,1.0,1.0,blue,4.520686
15.290968,4.030375,16.243923,-0.45001286,0.0,0.0,189.59837,25.5,12.0,4.0,gray,4.5168157
18.32651,10.714715,114.805115,1.2571492,0.0,1.0,174.50613,14.2,3.0,8.0,gray,6.457536
13.384443,18.662575,348.2917,-0.53533506,0.0,0.0,170.82773,13.2,5.0,1.0,gray,5.607052
14.438301,21.1565,447.59747,0.35845363,1.0,1.0,170.36783,12.4,7.0,2.0,blue,4.650631
14.498767,13.190255,173.98283,-0.73095626,0.0,0.0,146.15694,2.2,4.0,1.0,black,5.148571
17.154907,12.504222,156.35556,0.7579219,0.0,0.0,177.4515,2.4,11.0,7.0,white,5.313506
13.809409,0.99471134,0.98945063,0.6855077,1.0,0.0,171.34166,11.7,11.0,2.0,blue,3.9366446
14.5580435,7.286631,53.094994,1.8486089,1.0,0.0,174.28342,2.5,1.0,1.0,other,3.9616957
15.215793,6.0610814,36.73671,-0.17556395,0.0,0.0,162.88538,5.8,6.0,6.0,black,4.4230113
14.373219,6.895762,47.551533,0.6686548,1.0,0.0,166.15543,15.2,2.0,6.0,other,3.8907084
13.107133,9.159281,83.892426,0.09806754,0.0,0.0,165.88976,15.3,12.0,2.0,black,4.224324
14.38818,7.6395473,58.362682,1.2958717,0.0,0.0,180.21623,6.0,3.0,1.0,black,4.3331122
16.147263,0.10350095,0.010712446,-0.7188324,0.0,0.0,166.2124,15.7,4.0,3.0,black,4.0241265
11.946969,13.739552,188.77528,0.7450053,0.0,0.0,190.8266,18.2,6.0,5.0,gray,4.4108396
14.26594,4.636285,21.495136,-0.19469729,0.0,0.0,174.30862,10.6,6.0,6.0,white,4.3962765
12.599758,11.196235,125.355675,-0.064188175,0.0,0.0,157.24318,2.6,7.0,3.0,blue,3.6129599
16.390093,20.370413,414.9537,0.091752484,1.0,0.0,168.71454,3.2,5.0,9.0,other,4.265964
10.953627,5.403077,29.193243,0.2522404,1.0,0.0,163.48325,3.8,7.0,5.0,gray,3.882053
12.882156,2.6514375,7.030121,-0.11622904,1.0,0.0,148.05618,1.2,2.0,2.0,gray,3.3566036
14.754424,8.569979,73.444534,0.21471319,0.0,1.0,185.9947,3.2,1.0,6.0,white,5.594861
17.131048,15.504798,240.39876,1.5781181,0.0,1.0,177.03142,2.4,12.0,8.0,black,6.11671
13.8685,19.791737,391.71283,0.9854497,0.0,0.0,175.33208,6.1,10.0,6.0,blue,5.42581
12.889601,3.852252,14.839846,0.8691546,1.0,0.0,171.65404,23.9,8.0,4.0,other,4.77237
17.762314,12.483496,155.83766,-0.45553952,1.0,0.0,156.17982,1.1,1.0,6.0,other,4.688779
11.103972,7.6734476,58.881798,-0.8892408,0.0,0.0,165.16383,12.7,12.0,8.0,other,3.5575674
9.602388,9.470258,89.68578,0.95530057,0.0,0.0,178.4178,11.6,2.0,8.0,other,4.593564
14.880029,23.221716,539.2481,0.8760468,0.0,0.0,159.4878,1.0,11.0,2.0,black,5.559828
12.995892,2.4851484,6.175963,1.4726707,0.0,0.0,144.68231,25.6,12.0,8.0,white,4.3668194
11.957535,11.268699,126.983574,-0.6039806,0.0,0.0,167.72894,8.4,10.0,6.0,blue,4.8875017
15.416713,12.338466,152.23773,-0.22954865,1.0,0.0,168.58243,4.5,6.0,2.0,other,4.437067
14.487601,15.428931,238.05193,-1.6394842,1.0,1.0,171.35564,14.1,1.0,1.0,blue,4.51734
12.871842,10.489916,110.03834,-0.3924711,0.0,0.0,177.28519,3.0,10.0,6.0,gray,4.362627
11.439391,11.540253,133.17743,0.9965705,0.0,1.0,176.37605,11.8,3.0,7.0,blue,4.406992
15.744915,8.041758,64.66987,-0.46649536,1.0,1.0,172.58769,0.4,7.0,5.0,blue,4.751741
15.300403,11.345634,128.72342,0.6404798,0.0,0.0,181.9553,18.3,12.0,8.0,black,5.7055745
13.801648,8.284039,68.6253,-0.1905031,0.0,0.0,154.8103,5.9,8.0,9.0,white,4.673523
17.693274,13.10786,171.81598,0.32405704,0.0,0.0,175.04582,10.1,4.0,4.0,white,5.3651924
11.859831,8.151948,66.454254,-1.1476914,0.0,1.0,176.26538,2.5,12.0,7.0,black,4.1838303
10.94895,11.885502,141.26515,0.08520945,0.0,1.0,157.60437,11.3,3.0,8.0,white,4.750943
12.616184,9.853686,97.09513,-2.991136,1.0,0.0,154.9713,14.8,1.0,6.0,gray,3.713653
13.908828,15.630251,244.30475,-0.18689616,0.0,0.0,162.54057,6.4,12.0,2.0,blue,5.03773
14.486679,9.7430315,94.92667,-1.6304733,0.0,0.0,163.38458,9.6,9.0,7.0,black,4.089106
13.517528,1.1348376,1.2878565,1.2059945,1.0,0.0,177.5342,6.1,10.0,9.0,white,4.2583203
14.704111,16.309607,266.00327,0.77740735,0.0,0.0,163.85461,22.5,6.0,5.0,gray,5.3525114
11.496922,5.4713383,29.935543,0.466671,1.0,1.0,161.43651,6.9,6.0,2.0,blue,3.6859539
16.88753,6.7311683,45.308628,1.5210062,1.0,0.0,163.88367,18.4,9.0,4.0,gray,5.056058
13.835697,7.0216937,49.304184,-0.9489165,0.0,0.0,181.18633,16.2,1.0,3.0,black,3.129471
16.234592,16.87219,284.6708,1.7473632,1.0,0.0,170.13043,5.3,6.0,4.0,blue,5.5409575
14.685451,0.6783711,0.46018732,0.93219155,0.0,0.0,168.20749,2.6,12.0,7.0,black,4.8062797
14.9135065,25.688744,659.91156,-0.2365553,1.0,0.0,168.89995,5.2,5.0,8.0,black,5.1330733
15.139535,15.280284,233.48708,1.1356201,0.0,0.0,182.92061,17.5,11.0,1.0,gray,5.040642
14.895417,11.116195,123.569786,-1.1062936,1.0,1.0,162.50829,2.6,6.0,8.0,other,4.7056646
15.285445,9.72553,94.58593,-0.82451415,1.0,1.0,183.15509,7.4,11.0,5.0,blue,5.337611
16.658304,11.427771,130.59395,-0.6085897,0.0,0.0,172.10497,16.4,8.0,7.0,black,5.608556
14.393043,12.605612,158.90144,-0.5289777,0.0,1.0,168.39581,4.4,5.0,1.0,gray,4.9595604
15.418008,13.226078,174.92914,-1.0565577,1.0,0.0,195.009,10.3,2.0,2.0,white,4.4368567
13.820529,12.778023,163.27786,1.223083,1.0,0.0,159.4436,2.8,12.0,1.0,gray,5.2377086
16.880234,10.447904,109.15869,-0.2588544,0.0,0.0,166.46315,1.2,12.0,5.0,white,4.234636
12.647216,9.013308,81.239716,0.35250497,1.0,0.0,157.67569,15.8,2.0,6.0,blue,3.983229
17.601881,9.243633,85.444756,-0.57035136,0.0,1.0,179.52461,1.0,10.0,9.0,white,5.9846525
13.919684,9.025458,81.4589,-1.8206033,0.0,0.0,186.89189,3.2,5.0,8.0,black,4.580471
11.13845,15.668851,245.5129,0.27005735,0.0,0.0,186.69923,19.3,3.0,7.0,blue,4.617532
14.256208,12.967784,168.16342,-1.9122549,0.0,0.0,182.23949,4.3,10.0,5.0,blue,3.5173554
12.637897,4.7019434,22.108273,-0.06863405,1.0,0.0,168.02379,36.1,3.0,3.0,blue,3.8135796
15.681287,13.279504,176.34521,-1.368315,0.0,0.0,166.3476,39.0,8.0,9.0,other,4.3355813
12.694752,10.973681,120.421684,1.987276,1.0,0.0,153.2883,3.1,7.0,5.0,white,4.80455
13.107634,9.906456,98.13787,0.9113627,0.0,0.0,190.35873,0.4,1.0,3.0,black,4.2855625
10.220919,8.057407,64.921814,0.105753794,0.0,0.0,174.68977,12.2,12.0,3.0,black,3.465237
13.095387,15.6205635,244.002,1.2637067,0.0,1.0,165.08043,6.0,12.0,3.0,blue,4.291034
9.152242,14.737633,217.19781,-0.846316,0.0,0.0,183.28056,1.1,5.0,6.0,black,4.43922
10.832194,6.1356115,37.64573,0.5434794,0.0,0.0,160.27235,12.3,9.0,1.0,gray,3.8913045
15.520829,12.035261,144.8475,0.19981043,0.0,0.0,174.06622,0.3,4.0,4.0,other,5.033918
15.5716,5.1417165,26.437248,0.2640201,1.0,0.0,168.27371,20.4,1.0,8.0,other,4.382692
14.850915,3.1019092,9.6218405,1.2723535,0.0,0.0,176.38676,1.5,8.0,3.0,gray,4.1885014
12.066048,6.866414,47.147644,0.7324921,0.0,0.0,169.36426,1.4,5.0,5.0,white,3.728335
13.904577,14.311967,204.8324,0.28872368,0.0,1.0,155.49072,1.9,2.0,2.0,blue,4.6590953
13.992795,14.765625,218.02368,-1.6548874,1.0,0.0,170.75577,32.3,12.0,2.0,black,3.6915264
11.68327,12.565427,157.88995,-0.9600463,1.0,1.0,180.48865,11.8,1.0,7.0,blue,4.341818
17.006796,13.625479,185.65367,-0.12270893,0.0,1.0,169.70784,16.2,12.0,3.0,gray,5.1043587
15.7547245,12.580892,158.27884,0.093372375,0.0,0.0,177.75114,5.1,12.0,5.0,gray,5.8563714
13.558072,6.792592,46.139305,-1.1302037,0.0,0.0,159.54471,4.1,12.0,3.0,black,4.626152
14.053772,12.159613,147.85619,2.4116766,1.0,0.0,169.7374,2.7,3.0,6.0,blue,5.3968844
14.416765,14.002048,196.05734,1.516394,0.0,1.0,163.7549,6.6,9.0,3.0,blue,5.475849
9.916531,13.771457,189.65302,0.6021183,0.0,1.0,177.4698,8.0,1.0,8.0,other,5.3817835
13.505645,15.944567,254.2292,0.07203686,0.0,0.0,170.31491,10.0,4.0,2.0,blue,4.637298
12.636031,13.541519,183.37274,-0.21220897,0.0,0.0,176.90074,3.0,8.0,3.0,white,4.4558396
11.99676,11.757241,138.23273,-0.9519185,0.0,0.0,180.8771,29.7,8.0,8.0,white,4.2137237
13.437799,15.350751,235.64555,0.07748052,1.0,1.0,176.91618,1.9,10.0,8.0,black,5.1213503
17.595373,9.8673935,97.365456,0.25775254,0.0,1.0,172.73119,33.7,12.0,1.0,gray,5.8668766
15.281686,5.5906267,31.255108,-1.2417606,1.0,0.0,160.01788,0.1,11.0,8.0,white,3.7484329
12.857642,9.184665,84.35806,0.33417642,0.0,0.0,169.97214,6.6,11.0,2.0,blue,4.2124157
15.145165,6.275487,39.381737,-0.15525904,0.0,0.0,164.6691,4.1,8.0,7.0,other,4.89006
